"TID","EN","FR","DE","ES","IT","NL","NO","PT","TR","JP","CN","KR","RU","AR","CNT"
"string","string","string","string","string","string","string","string","string","string","string","string","string","string","string","string"
"TID_NEWS_TH11_UPDATE_OVERVIEW_TITLE","One of the Biggest Clash Updates - Ever!","L'une des plus grandes mises à jour de tous les temps !","Eines der größten Clash-Updates aller Zeiten!","¡Llega una de las mayores actualizaciones de Clash of Clans!","Uno dei più grandi aggiornamenti di Clash... di sempre!","Een van de grootste updates voor Clash ooit!","En av tidenes største Clash-oppdateringer!","Uma das maiores atualizações do Clash até hoje!","Şu ana kadarki En Büyük Clash Güncellemelerinden biri!","クラン対戦に続くクラクラ史上最大のアップデート！","部落冲突（Clash of Clans）有史以来最大更新！","사상 최대의 규모의 업데이트가 옵니다!","Одно из крупнейших обновлений Clash всех времен!","واحد من أكبر تحديثات Clash على الإطلاق!","《部落衝突》有史以來最大的更新！"
"TID_NEWS_TH11_UPDATE_OVERVIEW_TEXT","• Town Hall 11 is bursting onto the scene! BOOM!\n• Grand Warden & Eagle Artillery: The most powerful and strategic additions ever!\n• New troop levels, defense levels, and Clan Spell donation\n• Attack through Shield at any time, but be sure to protect your Town Hall!\n• Guard your playtime when Shield is down and never get attacked off-guard again\n• Goblins chasing Town Halls, bigger League Bonuses, Trophy offers, and much more!","• L'hôtel de ville de niveau 11 débarque ! BOUM !\n• Le grand gardien et l'aigle artilleur : les nouveautés les plus puissantes et les plus stratégiques de l'histoire du jeu !\n• Nouveaux niveaux de troupe, nouveaux niveaux de défense et nouveau don de sort de clan\n• Attaquez à tout moment au travers du bouclier, mais protégez bien votre hôtel de ville !\n• Protégez vos sessions de jeu en l'absence de bouclier et ne soyez plus jamais pris au dépourvu !\n• Des gobelins attaquant les hôtels de ville, des bonus de ligue, des offres de trophées supérieures et beaucoup d'autres choses encore !","• Der große Auftritt von Rathaus-Level 11! BUMM!\n• Großer Wächter und Adlerartillerie: Die stärksten und strategisch wertvollsten Ergänzungen aller Zeiten!\n• Neue Truppenlevel, Verteidigungslevel und Clan-Zauberspenden\n• Du kannst mit Schild jederzeit angreifen, aber sorge dafür, dass dein Rathaus geschützt ist!\n• Sei geschützt, wenn der Schild nicht aktiv ist, und lass dich nicht überrumpeln.\n• Kobolde, die es auf Rathäuser abgesehen haben, größere Ligaboni, mehr Trophäen und vieles mehr!","• ¡El ayuntamiento de nivel 11 entra en escena!\n• Nuevas incorporaciones potentes y estratégicas: el gran centinela y el águila de artillería.\n• Nuevos niveles de tropas, niveles de defensa y donación de hechizos del clan.\n• Ataca cuando quieras aunque tengas un escudo activo, pero no olvides proteger bien tu ayuntamiento.\n• Usa la guardia si no tienes ningún escudo activo para que no te ataquen por sorpresa.\n• Mayores bonus de ligas, ofertas de trofeos, duendes que atacan ayuntamientos ¡y muchas cosas más!","• Entra in scena il Municipio di livello 11! BOOM!\n• Gran sorvegliante e artiglieria Aquila: le aggiunte più potenti e strategiche mai viste!\n• Nuovi livelli delle truppe, delle difese e donazioni di incantesimi al clan\n• Attacca attraverso lo scudo in qualsiasi momento, ma ricorda di difendere il Municipio!\n• Proteggi le tue sessioni di gioco quando lo scudo finisce e non farti più trovare con la guardia abbassata\n• Goblin all'assalto di Municipi, bonus di lega maggiori, offerte di trofei e molto altro ancora!","• Het stadhuis van level 11 verschijnt op het strijdtoneel! BOEM!\n• De nobele wachter en de adelaarsartillerie: de meest krachtige en strategische toevoegingen ooit!\n• Nieuwe troepenlevels, verdedigingslevels en clandonatie van spreuken\n• Val aan met bescherming wanneer je wilt, maar zorg dat je stadhuis veilig is!\n• Bescherm je speelsessies als het schild verlopen is, zodat je nooit meer wordt overrompeld door een aanval. \n• Kobolden die jacht maken op stadhuizen, grotere divisiebonussen, trofeekansen en nog veel meer!","• Rådhus på nivå 11 gjør sin entré med et SMELL!\n• Storvokter og ørneartilleri: de mektigste og mest strategiske tilskuddene noensinne!\n• Nye troppenivåer, forsvarsnivåer og donasjon av klanformler\n• Angrip gjennom skjold når du vil, men husk å beskytte rådhuset!\n• Vokt spilløktene når skjoldet er nede, og bli aldri utsatt for overraskende angrep igjen\n• Nisser som jager rådhus, større ligabonuser og trofeer og mye mer!","• A Centro de Vila nível 11 está fazendo um sucesso danado!\n • Grande Guardião e Artilharia Águia: as adições mais poderosas e estratégicas até hoje!\n• Novos níveis de tropas, níveis de defesa e doações de feitiços para o clã\n• Ataque mesmo com o escudo ativo, mas não se esqueça de proteger o seu Centro de Vila!\n• Proteja as suas sessões de jogo quando o escudo estiver inativo e nunca mais seja atacado com a guarda baixa\n• Goblins atacando Centros de Vila, bônus de Liga maiores, ofertas de troféus e muito mais!","• Biri 11. Belediye Binası mı dedi! BOM!\n• Grand Büyük Koruyucu ve Taktik Avcı Uçağı Ağır Silahı: Şu ana kadarki en güçlü ve stratejik eklemeler!\n• Yeni birlik seviyeleri, savunma seviyeleri ve Klan Büyüsü bağışı\n• İstediğin zaman Kalkan altındayken saldır ancak Belediye Binanı korumayı unutma!\n• Kalkan etkin olmadığında oyun seanslarını koru ve bir daha asla gafil avlanma\n• Belediye Binasında gezen Goblinler, daha büyük Lig Bonusları ve Kupa teklifleri ve çok daha fazlası!","• ついにタウンホールの最大レベルが11にアップ！超ド級です！\n• グランドウォーデン & イーグル砲：新たな戦術の可能性を広げる、これまでにない強力な新戦力です！\n• ユニットと防衛設備のレベル上限がアップし、呪文をクランの仲間に寄付できるようになりました。\n• シールドで自分の村を守りつつ、いつでも他のプレイヤーの村を攻撃できるようになりました。ただし、タウンホールはしっかり守りましょう！\n• シールドが切れている時にも村の護りがプレイセッションをガード。不意の通信切断でも、村が無防備なままボコボコになることはもうありません！\n• ゴブリンがタウンホールを狙うようになったり、リーグのボーナスと獲得できるトロフィーが豪華になったり、他にも盛り沢山です！","• 11级大本营炫酷登场！BOOM!\n• 大守护者和天鹰火炮：有史以来最强大的战术大师和战略武器！\n• 全新军队等级、防御建筑等级和部落法术增援\n• 您可随时通过护盾进攻，不过要保护好大本营！\n• 在护盾失效时，村庄守卫会保护你的村庄免受袭击，让你的村庄更安全\n• 哥布林现在会去大本营抢夺金币，更丰厚的联赛奖励以及奖杯奖励等精彩内容！","• 마을 회관 11레벨이 화려하게 등장!\n• 그랜드 워든 & 독수리 포탑: 그 어느 때보다 전략적이고 강력한 전력의 추가!\n• 새로운 부대 및 방어 시설 레벨, 클랜 마법 지원\n• 언제든지 보호막 너머로 공격할 수 있지만, 마을 회관을 잘 방어해야 합니다!\n• 보호막이 없을 때 가드를 통해 무방비로 공격받지 마세요\n• 고블린들이 마을 회관을 겨냥해 공격하며, 더 큰 리그 보너스와 트로피 혜택 등 많은 사항이 새롭게 추가됩니다!","• Вас ждет Ратуша 11 уровня! ВАУ!\n• Хранитель и Орлиная артиллерия: мощнейшие и важнейшие добавления из всех!\n• Новые уровни солдат, защиты и клановых пожертвований заклинаний\n• Атакуйте под щитом в любое время, но берегите ратушу!\n• Защитите свою игру, даже когда нет щита! Не дайте застать себя врасплох!\n• Гоблины атакуют ратуши; бонусы и трофеи Лиги увеличились, и еще много-много всего!","• قاعة المدينة 11 ستتاح بسرعة وبقوة في اللعبة! بووم!\n• الآمر الكبير ومدفعية النسر: أقوى الإضافات وأكثرها إستراتيجية على الإطلاق!\n• مستويات قوات جديدة ومستويات دفاع وتبرعات تعويذات القبيلة\n• الهجوم عبر الدرع في أي وقت، لكن احرص على حماية قاعة المدينة!\n• احرس جلسات اللعب أثناء انخفاض الدرع وتجنب الهجوم المفاجئ مجددًا\n• الغيلان المطاردة لقاعات المدينة، ومكافآت دوري وعروض كؤوس أكبر، وغيرها المزيد!","• 11級大本營 來囉！\n• 大守護者和天鷹火炮：最有威力的戰略內容！\n• 提升部隊和防禦工事等級，以及部落法術支援\n• 無視護盾的攻擊，但別忘保護自己的大本營！\n• 在護盾失效時，村莊守衛會主動保衛你的家園，讓你的村莊更安全\n• 哥布林要對大本營發動攻擊了、更多的聯盟獎勵和獎盃以及更多內容！"
"TID_NEWS_TH11_UPDATE_TH11_TITLE","Turn It Up to TH11","Passez à l'hôtel de ville de niveau 11","Rathaus-Level 11","Sube el ayuntamiento al nivel máximo","Municipio 11: spara al massimo","Ga voor een stadhuis van level 11","Skru opp rådhuslyden til 11","Melhore seu Centro de Vila para o nível 11","BB11'e Gel","タウンホールの最大がレベル11に","将大本营升至11级","마을 회관 11레벨","Ратуша 11 уровня вас удивит","ارفع المستوى إلى قاعة المدينة 11","趕快升至11級大本營吧"
"TID_NEWS_TH11_UPDATE_TH11_TEXT","• Experience the biggest, baddest, most challenging Town Hall level ever: Town Hall 11!\n• New Town Hall 11 hero Grand Warden can make armies nearly unstoppable!\n• New Town Hall 11 defense Eagle Artillery delivers awe-inspiring devastation from afar\n• More defenses, including an extra Cannon, Archer Tower, Wizard Tower and X-Bow!\n• New Town Hall 11 levels for Minion, Witch, Wizard Tower and more!","• Découvrez un hôtel de ville plus grand, plus dément et plus palpitant que jamais avec l'hôtel de ville de niveau 11 !\n• Avec le grand gardien, le nouveau héros de l'hôtel de ville de niveau 11, on n'arrête plus vos armées !\n• Le nouvel aigle artilleur de l'hôtel de ville de niveau 11 fait souffler un vent de dévastation et de terreur à distance\n• Plus de défenses avec un canon, une tour d'archers, une tour de sorciers et un arc-X supplémentaires !\n• Nouveaux niveaux pour les gargouilles, les sorcières et la tour de sorciers avec l'hôtel de ville de niveau 11, et bien plus encore !","• Erlebe das größte, abgefahrenste und schwierigste Level aller Zeiten: Rathaus-Level 11!\n• Der neue Held „Großer Wächter“ ab Rathaus-Level 11 kann Armeen unaufhaltsam machen!\n• Die neue Abwehr „Adlerartillerie“ ab Rathaus-Level 11 sorgt für ehrfurchtgebietende Zerstörung aus der Entfernung.\n• Mehr Abwehranlagen, mit zusätzlicher Kanone sowie zusätzlichem Bogenschützenturm, Magierturm und X-Bogen!\n• Mit Rathaus 11 neue Level für Lakaien, Hexen, Magiertürme und mehr!","• Disfruta del ayuntamiento del nivel más alto y desafiante: ¡el nivel 11!\n• El nuevo héroe del ayuntamiento de nivel 11, el gran centinela, puede hacer que tus ejércitos sean casi imparables.\n• La nueva defensa del ayuntamiento de nivel 11, el águila de artillería, provoca estragos a gran distancia.\n• Más defensas disponibles, que incluyen un cañón, una torre de arqueras, una torre de mago y una ballesta adicionales.\n• Nuevos niveles del ayuntamiento de nivel 11 para el esbirro, la bruja, la torre de mago ¡y muchos más!","• Prova il livello di Municipio più massiccio, cattivo e impegnativo di sempre: il Municipio 11!\n• Gran sorvegliante, il nuovo eroe del Municipio 11, può creare eserciti quasi inarrestabili!\n• Artiglieria Aquila, la nuova difesa del Municipio 11, offre grandiose devastazioni da lontano\n• Più difese, tra cui cannone, torre dell'arciere, torre dello stregone e arco-X extra!\n• Nuovi livelli Municipio 11 per sgherro, strega, torre dello stregone e molto altro!","• Ervaar het hoogste, sterkste en meest uitdagende stadhuislevel ooit: level 11!\n• De nieuwe held bij een stadhuis van level 11, de nobele wachter, maakt legers zo goed als onstuitbaar!\n• De nieuwe adelaarsartillerie bij een stadhuis van level 11 verdedigt op een verwoestende manier\n• Meer verdedigingswerken, zoals een extra kanon, boogschuttertoren, tovenaarstoren en X-boog!\n• Nieuwe levels voor gunsteling, heks, tovenaarstoren en meer met een stadhuis van level 11!","• Det mest storslagne og fryktinngytende rådhusnivået noensinne: rådhus 11!\n• Storvokteren, en helt for rådhus på nivå 11, kan gjøre militæret nær sagt ustoppelig!\n• Ørneartilleriet, et nytt forsvar for rådhus på nivå 11, påfører store ødeleggelser på lang avstand\n• Flere forsvarsverker, som en ekstra kanon, bueskyttertårn, trollmannstårn og X-bue!\n• Nye rådhus 11-nivåer for lakeier, hekser, trollmannstårn og annet!","• Experimente o maior e mais desafiador nível de Centro da Vila até agora: o 11!\n• O novo herói, o Grande Guardião, pode tornar os exércitos quase indestrutíveis!\n• A nova defesa, a Artilharia Águia, causa uma devastação impressionante, mesmo à distância\n• Mais defesas, incluindo um canhão, Torre da Arqueira, Torre do Mago e X-Besta extras!\n• Para acompanhar, níveis 11 do servo, bruxa, Torre de Mago e mais!","• Şu ana kadarki en büyük, en süper, en zorlu Belediye Binası seviyesi: 11. Belediye Binası!\n• Yeni 11. Belediye Binası kahramanı Büyük Koruyucu orduları neredeyse durdurulamaz hâle getirecek!\n• Yeni 11. Belediye Binası savunma Taktik Avcı Uçağı Ağır Silahı uzaktan ağzı açık bırakacak hasarlar verecek\n• Ekstra bir Top, Okçu Kulesi, Büyücü Kulesi ve X-Topu dahil daha fazla savunma!\n• Dalkavuk, Cadı, Büyücü Kulesi ve daha fazlası için yeni 11. Belediye Binası seviyeleri!","• 最強にして最凶、そしてこれまでで一番プレイしがいがあるタウンホールレベル11がついに解禁！\n• タウンホールレベル11で登場する新ヒーロー「グランドウォーデン」は、自分の周りにいる味方をほとんど無敵にしてしまいます！\n• タウンホールレベル11で登場する新防衛設備「イーグル砲」は、遥か彼方から天誅のごとく破壊を下します。\n• 大砲、アーチャータワー、ウィザードの塔、巨大クロスボウなど、防衛設備の設置可能数が増えます！\n• ガーゴイル、ネクロマンサー、ウィザードの塔など、一部のユニットと建物のレベル上限が上昇します！","• 体验有史以来最大、最惊人、最具挑战的大本营等级：11级大本营！\n• 解锁新英雄大守护者，他能让军队所向披靡！\n• 解锁天鹰火炮防御建筑，能在远距离向敌人倾泻毁灭性打击\n• 更多防御建筑，包括一门额外的加农炮、箭塔、法师塔以及x连弩！\n• 亡灵、女巫、法师塔的等级也有所提升！","• 그 어느 때보다 크고 강력한 11레벨 마을 회관이 옵니다!\n• 새로운 마을 회관 11레벨의 영웅, 그랜드 워든은 주변 아군을 무적으로 만들어 줍니다!\n• 마을 회관 11레벨의 새로운 방어 시설, 독수리 포탑은 멀리서 엄청난 피해를 줍니다.\n• 추가 대포와 아처 타워, 마법사 타워, 대형 석궁 등 더 많은 방어 시설이 추가됩니다!\n• 마을 회관 11레벨이 되면 미니언, 마녀, 마법사 타워 레벨이 새로 열립니다!","• Опробуйте самый высокий, самый мощный и самый крутой уровень ратуши: 11 уровень!\n• Новый герой, появляющийся на 11 уровне ратуши, Хранитель, сделает ваших солдат практически неудержимыми!\n• Новое защитное сооружение, Орлиная артиллерия, наносит разрушительные удары издалека.\n• Еще больше защитных сооружений, включая Пушку, Башню лучниц, Башню Колдуна и Арбалет!\n• Новые уровни Миньонов, Ведьм, Башни Колдуна и многого другого!","• استكشف أكبر وأقوى وأصعب مستوى قاعة المدينة على الإطلاق: قاعة المدينة 11!\n• البطل الآمر الكبير لقاعة المدينة الجديدة 11 يمكنه أن يجعل الجيوش لا يمكن إيقافها تقريبًا!\n• دفاع مدفعية النسر في قاعة المدينة 11 الجديد يقدم قدرة تدميرية مخيفة من مسافة بعيدة\n• المزيد من الدفاعات، تتضمن مدفعًا إضافيًا وبرج رامي السهام وبرج الساحر والقوس!\n• مستويات قاعة المدينة 11 للمينيون والساحرة وبرج الساحر والمزيد!","• 體驗一下最大、最兇猛、最具挑戰性的大本營等級吧：11級大本營！\n• 新的11級大本營 英雄「大守護者」可以讓你的軍隊威不可擋！\n• 新的11級大本營 防禦工事「天鷹火炮」是一種可以從老遠就嚇得對方腿軟的設施\n• 更多的防禦工事，如額外的加農砲、箭塔、法師塔和X連弩！\n• 新的11級大本營，亡靈、女巫，巫師塔與更多內容！"
"TID_NEWS_TH11_UPDATE_HERO_TITLE","Grand Warden: Your Army’s Newest Hero ","Le grand gardien : le tout nouveau héros de votre armée ","Großer Wächter: der neueste Held deiner Armee ","El gran centinela: el nuevo héroe de tu ejército ","Gran sorvegliante: il più recente eroe del tuo esercito ","De nobele wachter: de nieuwste held van je leger ","Storvokter: militærets nyeste helt ","Grande Guardião: o mais novo herói do seu exército. ","Büyük Koruyucu: Ordunun En Yeni Kahramanı ","グランドウォーデン：あなたの軍の新たなヒーロー ","全新英雄：大守护者 ","그랜드 워든: 새로운 영웅 ","Хранитель: новый герой вашей армии ","الآمر الكبير: بطل جيشك الأحدث ","大守護者：新加入的英雄！ "
"TID_NEWS_TH11_UPDATE_HERO_TEXT","• Harness powerful new battlefield tactics by boosting and protecting your troops\n• The Grand Warden toughens all nearby troops and can make them temporarily invincible!\n• He jumps, he flies - fit the Grand Warden into any strategy and make your army shine","• Déployez de nouvelles tactiques de combat en accélérant vos troupes et en les protégeant\n• Le grand gardien renforce les troupes proches et peut même les rendre provisoirement invincibles !\n• Il saute, il vole – il s'adapte à toutes les stratégies pour faire briller votre armée !","• Nutze mächtige neue Schlachtfeldtaktiken, indem du deine Truppen schützt und mit Schüben stärkst.\n• Der Große Wächter stählt alle nahegelegenen Truppen und macht sie kurzfristig unbesiegbar!\n• Er springt, er fliegt – der Großen Wächter passt in jede Strategie und lässt deine Armee glänzen.","• Utiliza nuevas y poderosas tácticas para proteger a tus tropas y proporcionarles puntos de vida extras.\n• Fortalece a todas las tropas cercanas y las hace temporalmente invencibles.\n• Es capaz de saltar y de volar, así que ¡inclúyelo en tu estrategia!","• Sfrutta nuove e potenti tattiche di battaglia potenziando e proteggendo le tue truppe\n• Il Gran sorvegliante rafforza le truppe nelle vicinanze e può renderle temporaneamente invincibili!\n• Salta, vola! Includi il Gran sorvegliante nelle tue strategie e fai brillare il tuo esercito","• Maak gebruik van krachtige nieuwe gevechtstactieken door je troepen een boost te geven en te beschermen\n• De nobele wachter maakt alle troepen in zijn buurt sterker en zorgt dat ze tijdelijk onoverwinnelijk worden!\n• Hij springt, hij vliegt... zet de nobele wachter in bij elke strategie en geef je leger glans","• Ta i bruk ny og kraftig taktikk på slagmarken ved å øke kraften til og beskytte troppene dine\n• Storvokteren gjør alle tropper i nærheten mer hardføre, og han kan gjøre dem uovervinnelige i en begrenset periode!\n• Han hopper, han flyr – inkluder storvokteren i enhver strategi, så vil militæret ditt skinne","• Descubra novas e poderosas táticas de batalha melhorando e protegendo suas tropas.\n• O Grande Guardião reforça todas as tropas próximas e pode torná-las temporariamente invencíveis!\n• Ele pula, ele voa - inclua o Grande Guardião na sua estratégia e faça o seu exército brilhar.","• Birliklerini destekleyerek ve koruyarak güçlü yeni savaş alanı taktikleri geliştir\n• Büyük Koruyucu yakındaki tüm birlikleri güçlendirir ve geçici bir süre için yenilmez yapar!\n• Zıplıyor, uçuyor; Büyük Koruyucuyu istediğin stratejiye dâhil edip ordunu parlat","• ユニットを強化し守ることで、パワフルで新しい戦術をもたらします。\n• グランドウォーデンは、近くにいるすべてのユニットの防御力を高め、一時的に無敵状態にすることができます！\n• ジャンプもできますし、空だって飛べます。グランドウォーデンを賢く使って、あなたの軍隊をステキに輝かせちゃいましょう！","• 强化并保护己方部队，施展强大新战术\n• 大守护者能让附近的部队更加强大，并能让他们在短时间内无敌！\n• 大守护者能翻越城墙，也能飞行，可以配合任何战术使用，从而可以让军队所向披靡","• 아군의 힘을 높이고 보호해 전장에서 새로운 전술을 구사\n• 그랜드 워든은 주변의 아군을 강하게 만들고, 일시적인 무적 상태로 만들어 줍니다!\n• 벽을 뛰어넘고 하늘을 나는 그랜드 워든을 전략적으로 활용해 강력한 군대를 만드세요!","• Разработайте новую потрясающую военную тактику, усиливая и защищая войска\n• Хранитель усиливает ближайшие войска и может даже сделать их на время неуязвимыми!\n• Он и прыгает, и летает, идеально подходя для любой стратегии","• أتقن تكتيكات جديدة قوية في أرض المعركة وذلك بتعزيز وحماية قواتك\n• الآمر الكبير يقوي كل القوات القريبة ويمكنه أن يجعلهم لا يقهرون بشكل مؤقت!\n• يقفز، ويطير - يمكنك ملائمة الآمر الكبير في أي إستراتيجية وجعل جيشك يتألق","• 增強並保護你的部隊，更強大的攻擊和防禦戰術\n• 大守護者可以強化鄰近的部隊，讓他們在短時間內如入無人之境！\n• 他可以跳躍，也能飛翔。依照戰場情勢來調配大守護者的戰術，讓你的軍隊高人一等"
"TID_NEWS_TH11_UPDATE_ARTILLERY_TITLE","Eagle Artillery: The Sleeping Sentinel","L'aigle artilleur : la sentinelle veille","Adlerartillerie: die schlafende Gefahr","El águila de artillería: el protector latente","Artiglieria Aquila: la sentinella in attesa","Adelaarsartillerie: de slapende schildwacht","Ørneartilleri: den sovende portvokteren","Artilharia Águia: a sentinela furtiva","Taktik Avcı Uçağı Ağır Silahı: Uyuyan Naöbetçi","イーグル砲：眠れる番人","天鹰火炮：沉睡的哨兵","독수리 포탑: 잠자는 파수꾼","Орлиная артиллерия: спящий страж","مدفعية النسر: الحارس النائم","天鷹火炮：沉睡的守護者"
"TID_NEWS_TH11_UPDATE_ARTILLERY_TEXT","• This massive, long-range weapon obliterates poorly prepared attacking armies\n• Volleys of explosive shells clobber tough troops and wear down others near the blasts\n• Eagle Artillery only activates after many troops have been deployed, leaving the door open for tactical strikes and cunning multi-phase attacks!","• Cette arme massive à longue portée anéantit les ennemis mal préparés\n• Des volées d'éclats explosifs s'abattent sur les troupes et font des dégâts alentour\n• L'aigle artilleur n'est actif que lorsqu'un certain nombre de troupes sont déployées, ce qui vous permet de jolis coups tactiques et des attaques multiphases méthodiques !","• Diese gewaltige Waffe mit großer Reichweite vernichtet schlecht vorbereitete Angreifer.\n• Ein Hagel explosiver Geschosse macht Kleinholz selbst aus zähen Truppen und zermürbt Feinde in der Nähe der Einschlagsorte.\n• Die Adlerartillerie wird erst aktiviert, wenn eine große Truppenanzahl eingesetzt wurde. Damit sind taktische Schläge und gerissene Angriffe in mehreren Phasen möglich.","• Esta enorme arma a larga distancia arrasa con los ejércitos atacantes poco preparados.\n• Una lluvia de obuses explosivos pulveriza a las tropas más resistentes y daña a las que se encuentren cerca del lugar del impacto.\n• El águila de artillería solo se activa cuando se han desplegado muchas tropas, lo que deja la puerta abierta a ataques tácticos y ataques multifase.","• Questa enorme arma a lungo raggio coglie alla sprovvista le armate all'attacco annientandole\n• Raffiche di granate esplosive sistemano le truppe più toste indebolendo quelle in prossimità dell'impatto\n• L'artiglieria Aquila si attiva solo dopo aver schierato molte truppe, lasciando aperta la porta ad attacchi strategici e ad astuti assalti in più fasi!","• Dit kolossale langeafstandswapen vaagt slecht voorbereide aanvalslegers compleet van de kaart\n• Explosieve granaatsalvo's maaien troepen neer en verzwakken de troepen in de buurt van de explosies\n• De adelaarsartillerie activeert pas nadat er een groot aantal troepen is ingezet, waardoor tactische manoeuvres en sluwe aanvallen in meerdere fasen mogelijk worden!","• Dette slagkraftige våpenet for bruk på lang avstand kan utslette dårlig forberedte angripere\n• Runder med eksplosive prosjektiler tar ut tropper direkte og rammer i tillegg andre i nærheten av nedslagsområdet\n• Ørneartilleriet aktiveres først når mange tropper er utplassert, og gir mulighet for taktiske angrep i flere faser!","• Esta arma fenomenal de longo alcance extermina exércitos mal preparados\n• Descargas de projéteis explosivos derrubam tropas resistentes e esgotam outras perto do impacto\n • A Artilharia Águia só é ativada depois que muitas tropas forem mobilizadas, deixando margem para ataques táticos e inteligentes de múltiplas fases!","• Bu devasa, uzun menzilli silah hazırlıksız saldıran orduları yok eder\n• Patlayan mermiler birlikleri yerle bir eder ve patlamaya takın olanları yıpratır\n• Taktik Avcı Uçağı Ağır Silahı yalnızca yeterli sayıda birlik mevzilendirildiğinde etkinleşerek kapıyı taktik stratejileri ve kurnaz çok evreli saldırılara açık bırakır!","• 強力で射程が長いこの兵器は、しっかりと準備された部隊でもない限りきれいに消し去ってしまいます。\n• 炸裂弾でヒットポイントの高いユニットさえも倒し、着弾店の近くにいるユニットにもダメージを与えます。\n• イーグル砲は、攻撃側が多くのユニットを配置するまで目覚めません。つまり、狙い済ました戦術や、巧みな波状攻撃によって攻略することは可能です！","• 这门巨大的远程武器能消灭缺少防备的攻击军队\n• 在爆破弹的齐射之下，强大的部队将被彻底击垮，爆炸附近的单位也会受到伤害\n• 天鹰火炮只有在很多部队部署之后才会启动，\n针对的战术和狡猾的多波进攻则会让它形同虚设！","• 이 거대한 장거리 병기는 준비가 미흡한 공격군을 순식간에 박살 냅니다.\n• 폭발하는 포탄은 강한 적들을 쳐부수고 그 여파로 주변의 적들까지 피해를 줍니다.\n• 독수리 포탑은 대규모 병력을 상대로만 작동하므로, 전략적인 여러 단계의 공격을 활용하면 틈을 노릴 수도 있습니다!","• Это огромное защитное сооружение, бьющее на дальние расстояния, стирает с лица земли целые неподготовленные армии\n• Взрывные заряды уничтожают войска и ранят тех, кто вокруг\n• Орлиная артиллерия атакует только когда развернуто большое войско, оставляя простор для хитрой стратегии и атак в несколько фаз!","• هذا السلاح ذو المدى الطويل والواسع يمحي الجيوش المهاجمة ضعيفة الاستعدادات\n• وابل من القذائف المتفجرة تهزم القوات القوية وتُسقط الآخرين بالقرب من الانفجارات\n• تنشط مدفعية النسر فقط بعد نشر الكثير من القوات، وتتيح الفرصة للهجمات التكتيكية والهجمات متعددة الأوجه الخبيثة!","• 這門巨大、長射程的武器可以摧毀那些忽於防備的進犯軍隊\n• 萬彈齊發的火炮可以癱瘓強勢的軍隊，著彈造成的震波也能對鄰近部隊造成傷害\n• 天鷹火炮只能在部署許多部隊後啟動，\n使用戰術攻擊和巧妙的多階段攻勢則可會讓火炮形同虛設！"
"TID_NEWS_TH11_UPDATE_SPELLS_TITLE","Do the Spell Shuffle","Du nouveau sur les sorts","Starke Zauber","Participa en el intercambio de hechizos","Muovi i tuoi incantesimi","Spreuken in de mix","Kom i form med formler","Escolha o seu feitiço!","Büyü Karıştırması Yap","呪文を交換","调换法术顺序","마법을 교환하라","Перебросьтесь заклинаниями","خلط التعويذات","自由調換魔咒順序"
"TID_NEWS_TH11_UPDATE_SPELLS_TEXT","• Request reinforcement spells, not just troops, starting from Clan Castle level 4\n• Donated spells receive all existing Clan Perks benefits\n• Freeze Spell is now unlocked at Town Hall 9 and has slightly longer duration on lower levels","• Demandez des sorts de renfort – et pas uniquement des troupes ! – à partir du château de clan de niveau 4\n• Les sorts donnés profitent de tous les avantages de clan !\n• Le sort de gel est désormais débloqué à l'hôtel de ville de niveau 9 et dure un peu plus longtemps aux niveaux inférieurs.","• Fordere ab Clanburg-Level 4 nicht nur Truppen, sondern auch Verstärkungszauber an.\n• Alle Clanvorteile werden auch auf gespendete Zauber angewendet.\n• Der Frostzauber wird jetzt ab Rathaus-Level 9 freigeschaltet und hat bei niedrigeren Leveln eine etwas längere Wirkungsdauer.","• Pide hechizos de refuerzo, además de tropas, a partir del nivel 4 del castillo del clan.\n• Los hechizos donados se benefician de los galardones del clan ya conseguidos.\n• El hechizo de hielo se desbloquea ahora con el ayuntamiento de nivel 9 y tiene una duración ligeramente mayor en los niveles más bajos.","• Richiedi rinforzi di incantesimi, non solo di truppe, a partire dal castello del clan di livello 4\n• Gli incantesimi donati ricevono tutti i benefici dei vantaggi del clan\n• Ora l'incantesimo Congelamento si sblocca al Municipio di livello 9 e ha una durata leggermente maggiore ai livelli più bassi","• Vraag om spreuken als versterkingen, niet alleen om troepen, vanaf een clankasteel van level 4\n• De gedoneerde spreuken ontvangen alle bestaande clanvoordelen\n• De vriesspreuk wordt nu ontgrendeld bij een stadhuis van level 9 en duurt iets langer in de lagere levels","• Fra og med klanslott på nivå 4 kan du også be om ekstra formler, ikke bare tropper\n• Donerte formler får alle eksisterende klanfordeler\n• Fryseformelen låses nå opp ved rådhus på nivå 9 og varer noe lenger på lavere nivåer","• Peça feitiços de reforço, não apenas tropas, a partir do Castelo do Clã nível 4.\n• Feitiços doados recebem todas as vantagens do clã possíveis.\n• O Feitiço de Gelo agora é desbloqueado no nível 9 do Centro de Vila e tem a duração ligeiramente mais longa em níveis mais baixos.","• 4. seviyeden itibaren yalnızca birlik değik aynı zamanda takviye büyüsü de iste\n• Bağışlanan büyüler tüm halihazırda bulunan Klan Avantalarını alır\n• Dondurma Büyüsü artık 9. Belediye Binasında açılıyor ve düşün seviyelerde biraz daha uzun sürüyor","• クランの城レベル4以上で、クランの他メンバーにユニットだけではなく呪文の寄付もリクエストできるようになります。\n• 呪文の寄付は、現在までに登場しているすべてのクラン特典の対象です。\n• 「フリーズ」の呪文がタウンホールレベル9から使えるようになり、低レベル時の各効果時間が少しだけ長くなりました。","• 从4级部落城堡开始，您不仅可以请求援军，还可请求法术增援\n• 增援的法术可以享受所有部落已有的增益\n• 现在，冰冻法术在9级大本营即可解锁，并且延长了低等级时的持续时间","• 클랜 성 4레벨부터 병력뿐 아니라 마법 지원도 요청할 수 있습니다.\n• 지원된 마법은 기존 클랜 보너스 혜택을 모두 받습니다.\n• 얼음 마법은 이제 마을 회관 9레벨에 잠금 해제되며, 저레벨의 지속 시간이 조금 늘어났습니다.","• Попросите у соклановцев не только войнов, но и заклинания, начиная с 4 уровня Крепости\n• Пожертвованные заклинания получают все клановые привилегии\n• Замораживающее Заклинание открывается на 9 уровне Ратуши и действует чуть дольше на низких уровнях","• طلب تعويذات التعزيزات، ليست القوات فحسب، بداية من قلعة القبيلة من المستوى 4\n• التعويذات المُتبرع بها تتلقى كل منافع مميزات أدوات تنشيط القبيلة\n• تعويذة التجمد مفتوحة الآن عند قاعة المدينة 9 وبها مدة أطول قليلاً في المستويات الأدنى","• 不只是部隊，在部落城堡 4 級之後還能請求魔咒增援\n• 增援的魔咒也可以享有目前作用中的部落特權\n• 現在已能於9 級大本營時解鎖冰凍魔咒，並稍微延長在低等級時的時效"
"TID_NEWS_TH11_UPDATE_SHIELDS_TITLE","Shields - Flexible and Fair Defense","Les boucliers - Une défense flexible et juste","Schilde – flexible und faire Verteidigung","Los escudos: una defensa adecuada y flexible","Scudi: difesa equa e flessibile","Schilden - flexibele en eerlijke verdediging","Skjold – fleksibelt og rettferdig forsvar","Escudos - defesa flexível e justa","Kalkanlar - Esnek ve Adil Savunma","シールド：フレキシブルで公平になりました","护盾：灵活公平的防御","보호막 - 유연하고 공정한 방어 수단","Щит: гибкая и честная защита","الدروع - الدفاع المرن والمعتدل","護盾：靈活又好用的防禦能力"
"TID_NEWS_TH11_UPDATE_SHIELDS_TEXT","• Town Hall destruction no longer grants a Shield - bring your Town Hall inside!\n• You can attack while shielded at any time for just a small Shield reduction\n• Get Shield at 30% destruction, more at 60%, but only when a sizable army attacks","• La destruction de l'hôtel de ville ne vous accorde plus de bouclier – protégez votre hôtel de ville en le plaçant au cœur de votre village !\n• Vous pouvez attaquer à tout moment quand vous êtes protégé par le bouclier moyennant une petite réduction de protection\n• Paramétrez votre bouclier sur 30 % de destruction, voire 60 %, mais seulement en cas d'attaque d'une armée ultra imposante.","• Mit der Zerstörung des Rathauses wird kein Schild mehr gewährt – bring dein Rathaus in die Dorfmitte!\n• Du kannst jetzt auch mit Schild jederzeit angreifen. Dabei wird nur die Schilddauer leicht reduziert.\n• Hol dir einen Schild bei 30 % Zerstörung und noch mal bei 60 % – aber nur, wenn eine größere Armee angreift.","• La destrucción del ayuntamiento ya no concede un escudo, así que ¡asegúrate de protegerlo bien!\n• Ahora puedes atacar en cualquier momento teniendo un escudo activo, pero su duración se reducirá.\n• Recibirás un escudo al sufrir un 30 % de destrucción y más al sufrir un 60 %, pero solo cuando te ataquen ejércitos numerosos.","• La distruzione del Municipio non garantisce più lo scudo: mettilo al riparo!\n• Puoi attaccare con lo scudo attivo in qualsiasi momento in cambio di una piccola riduzione nella sua durata\n• Ottieni dello scudo al 30% di distruzione e un po' di più al 60%, ma solo quando attacca un esercito di grosse dimensioni","• De vernietiging van het stadhuis levert niet langer een schild op. Dus zorg dat je stadhuis veilig is!\n• Je kunt aanvallen terwijl je een schild hebt voor een geringe vermindering van de schildduur\n• Je krijgt een schild bij 30% vernietiging, meer bij 60%, maar alleen als een leger van formaat aanvalt","• Ødeleggelse av rådhus gir ikke lenger et skjold – ta med rådhuset inn i varmen!\n• Du kan angripe mens du er beskyttet av skjold, og det koster bare en liten reduksjon av skjoldet\n• Du mottar skjold ved 30 % ødeleggelse og mer ved 60 % ødeleggelse, men bare når en større militærstyrke angriper","• A destruição do Centro de Vila não dá mais um escudo - proteja o seu Centro de Vila!\n• Você pode atacar a qualquer momento mesmo com o escudo ativo, por uma pequena redução na duração dele.\n• Consiga o escudo quando a destruição estiver a 30%, um maior a 60%, mas só quando um exército relativamente grande atacar.","• Belediye Binasının yıkılması artık bir Kalkan kazandırmıyor; Belediye Binanı içeri taşı!\n• Küçük bir Kalkan azalması ile korunurken istediğin zaman saldırıda bulunabilirsin\n• %30 hasarla Kalkan kazanabilecek, yalnızca büyükçe bir ordu saldırdığında %60'la daha fazlasını kazanabileceksin","• 今後はタウンホールが破壊されてもシールドは有効になりません。タウンホールは村の中心に移動しましょう！\n• シールドで自分の村が守られている間でも、いつでも他の人の村を攻撃できます。攻撃するとシールドの残り時間は短くなります。\n• 村が30%破壊されるとシールドを得ることができ、60%破壊されるとさらに長い時間シールドが張られますが、攻撃側のユニット数が少なかった場合には村がどんなに破壊されてもシールドは有効になりません。","• 现在，大本营被毁后不再提供护盾保护，快把大本营内置吧！\n• 在护盾保护期间，您随时可以发动进攻，但这会消耗少量护盾有效时间\n• 您可在30%受损程度时获得护盾，60%时能获得更多护盾，但这只有在大规模敌军进攻时才会生效","• 이제 마을 회관이 파괴되는 것만으로는 보호막이 생기지 않으니, 회관을 안쪽에 배치하세요!\n• 보호막이 있을 때 공격해도 지속 시간만 조금 감소하므로 언제든지 공격할 수 있습니다.\n• 30% 파괴되면 보호막이 생기며 60%에는 더 큰 보호막을 얻지만, 충분히 많은 병력의 공격을 받았을 때만 해당됩니다.","• Разрушение ратуши больше не дает щит, так что спрячьте ее!\n• Вы можете атаковать из-под щита в любое время, тем самым лишь немного сокращая его работу\n• Получите щит, разрушив 30% деревни, еще дольше при 60%, но только при использовании нормальной армии","• تدمير قاعة المدينة لم يعد يمنح درعًا - اجلب قاعة المدينة إلى الداخل!\n• يمكنك الهجوم أثناء تشغيل الدرع في أي وقت مقابل تقليل صغير للدرع\n• احصل على درع عند 30% دمار، والمزيد عند 60%، ولكن فقط عند هجوم جيش كبير","• 大本營遭到破壞後，將不會再獲得護盾，所以快把大本營內置吧！\n• 你可以在護盾有效的時間內發動攻擊，只會少掉一小部分的護盾持續時間\n• 在大本營的損壞程度達 30% 可獲得護盾，在 60% 時可獲得更多，但只有在大規模軍勢進犯時才會獲得"
"TID_NEWS_TH11_UPDATE_GUARD_TITLE","Guard - Play Safe From Attackers","Protection - Pour jouer à l'abri des ennemis","Schutz – sicher vor Angreifern","La guardia: juega a salvo de ataques","Guardia: in salvo dagli attacchi","Bescherming - speel beveiligd tegen een aanval","Vakt – beskytt deg mot angrep","Guarda - aja com cautela em relação aos atacantes","Koruma - Saldıranlardan Korunarak Oyna","村の護り：他の村を攻撃しても自分の村は安全","村庄守卫：攻守兼备","가드 - 공격을 막아주는 방어 수단","Защита: играйте в безопасности от атакующих","حراسة - العب بأمان بعيدًا عن المهاجمين","村莊守衛：免於進犯者的傷害"
"TID_NEWS_TH11_UPDATE_GUARD_TEXT","• Guard protects you from attacks and lets you attack others all you want\n• Get free Guard when Shields expire and play freely without worry of being attacked\n• Higher Leagues grant more free Guard - Titan I & Legend players get 100% coverage!\n• 2 hours of extra Guard is available in the Shop every day","• La protection vous met à l'abri des attaques et vous permet d'attaquer à l'envi\n• Obtenez une protection gratuite lorsque le bouclier disparaît et jouez tranquillement sans vous soucier d'éventuelles attaques\n• Les ligues de haut niveau disposent de plus de protection gratuite – Les joueurs de la ligue des titans I et de la ligue des légendes sont couverts à 100 % !\n• 2 heures de protection supplémentaire sont disponibles à la boutique tous les jours.","• Der Schutz verhindert Angriffe auf dich, während du selbst andere nach Herzenslust angreifen kannst.\n• Hol dir Gratis-Schutz, wenn der Schild abläuft und spiele, ohne dir Sorgen um einen Angriff zu machen.\n• Höhere Ligen gewähren mehr Gratis-Schutz – Spieler in Titan I und der Legenden-Liga erhalten 100 % Schutz!\n• Im Shop sind täglich 2 zusätzliche Stunden Schutz erhältlich.","• La guardia te protege de los ataques a la vez que te permite atacar a otros cuando quieras.\n• Recibirás una guardia gratis cuando los escudos se acaben.\n• Las ligas superiores proporcionan gratis una guardia mayor: los jugadores de la Liga de Titanes I y de la Liga de Leyendas reciben una cobertura del 100 %.\n• Todos los días habrá 2 horas de guardia extra disponibles en la tienda.","• La guardia ti protegge dagli attacchi e ti permette di attaccare gli altri quanto vuoi\n• Ricevi una guardia gratis quando gli scudi finiscono e gioca liberamente senza timore di essere attaccato\n• Le leghe superiori offrono maggiore guardia gratis: i giocatori di Titani I e Leggende ottengono una copertura del 100%!\n• 2 ore di guardia extra sono disponibili ogni giorno nel negozio","• Een bescherming beschermt je tegen aanvallen, terwijl je zelf anderen kunt aanvallen zonder gevolgen\n• Je krijgt een gratis bescherming als je schilden zijn verlopen, en je kunt spelen zonder je zorgen te maken over een aanval\n• Hogere divisies leveren meer gratis bescherming op. Spelers in de divisie Titanen I en Legendarisch krijgen 100% dekking!\n• In de winkel is elke dag 2 uur extra bescherming verkrijgbaar","• Vakten beskytter deg mot angrep og lar deg angripe andre så mye du vil\n• Du mottar en gratis vakt når skjoldet utløper, og kan spille fritt uten å være redd for å bli angrepet\n• Høyere ligaer gir flere gratis vakter – spillere i Titan I og Legende får 100 % dekning!\n• 2 timer ekstra tid for vakten er tilgjengelig i butikken hver dag","• A guarda protege de ataques e permite atacar os outros o quanto você quiser.\n• Obtenha a guarda gratuitamente quando o escudo expirar e jogue livremente sem a preocupação de ser atacado.\n• As ligas mais altas concedem mais tempo de guarda gratuita. Jogadores Titã I e Lendários recebem cobertura de 100%!\n• 2 horas extras de guarda estão disponíveis na loja todos os dias.","• Koruyucu seni saldırılar karşı korur ve diğerlerine istediğin kadar saldırmanı sağlar\n• Kalkanın süresi bittiğinde ücretsiz Koruyucu kazan ve saldırı korkusu yaşamasan özgürce oyna\n• Daha yüksek Ligler daha fazla ücretsiz Koruyucu verir - Titan I ve Efsane oyuncular %100 koruma alır!\n• Mağazada her gün 2 saatlik ekstra Koruyucu bulabilirsin","• 村の護りの効果中は、他のプレイヤーからの攻撃を防ぎつつ、他の村を好きなだけ攻撃できます。\n• シールドの効果が終了すると無料で村の護りが有効になります。この時期には自分の村が襲われる心配をせずに攻撃できます。\n• 上位のリーグになるほど、手に入る村の護りはより長くなります。タイタンIリーグとレジェンドリーグのプレイヤーには、シールドのない時間を完全にカバーすることが可能な村の護りが付与されます！\n• また、毎日ショップで2時間有効な村の護りを購入することもできます。","• 村庄守卫能保护您免遭攻击，并能让您攻击他人\n• 您可以在护盾失效时获得免费的村庄守卫，然后就可以自由攻击，无需担心受袭\n• 联赛等级越高，您获得的免费村庄守卫就越多 - I级泰坦联赛和传奇联赛的玩家能获得100%保护！\n• 您每天可以在商店购买2小时的额外村庄守卫","• 가드는 적의 공격을 막아주면서, 다른 마을도 자유롭게 공격할 수 있게 해줍니다.\n• 보호막이 만료되면 비용 없이 가드가 적용되어, 공격받을 염려 없이 플레이할 수 있습니다.\n• 타이탄 I 및 전설 리그 플레이어는 가드 범위가 100%에 달하는 등 상위 리그에서는 더 뛰어난 무료 가드를 얻습니다!\n• 매일 상점에서 2시간의 추가 가드를 구매할 수 있습니다.","• Защита укрывает от нападения, но позволяет вам атаковать сколько угодно\n• После падения щита вы получите защиту бесплатно\n• Чем выше Лига, тем дольше защита. Титан I и Легенда получат 100% защиту!\n• В магазине каждый день можно купить 2 дополнительных часа защиты","• الحراسة تحميك من الهجمات وتتيح لك مهاجمة الآخرين كما تريد\n• احصل على حراسة مجانية عند انتهاء صلاحية الدروع والعب مجانًا دون القلق من التعرض للهجوم\n• بطولات الدوري الأعلى تمنح المزيد من الحراسة المجانية - تيتان الأول واللاعبون الأسطوريون يحصلون على تغطية 100%!\n• ساعتان من الحراسة الإضافية متاحتان في المتجر يوميًا","• 村莊守衛可以保護你免於攻擊者的傷害，並能自由攻擊其他對手\n• 在護盾消失後可免費獲得村莊守衛，除可自由攻擊他人外，還可以免於遭受他人的攻擊\n• 更高等的聯盟可以獲得持續時間更久的免費村莊守衛：泰坦 I 與傳說玩家可以獲得 100% 的涵蓋率！\n• 每天可在商店中取用 2 小時的免費村莊守衛"
"TID_NEWS_TH11_UPDATE_LOOT_TITLE","Richer Raiding: Loot and Trophies","Des raids plus juteux : butins et trophées","Mehr Beute und Trophäen","Asaltos con más beneficios: botín y trofeos","Assalti lucrativi: bottino e trofei","Lucratievere strooptochten: buit en trofeeën","Bedre plyndring: utbytte og trofeer","Assaltos mais ricos: saques e troféus.","Daha Kazançlı Baskın: Ganimet ve Kupalar","ろ獲品アップ：戦利品とトロフィー","回报更高：战利品和奖杯","더 풍성한 습격: 전리품과 트로피","Лучшая атака: трофеи и добыча","غزو أكثر ثراء: غنيمة وكؤوس","更豐富的出征獎勵：戰利品與獎盃"
"TID_NEWS_TH11_UPDATE_LOOT_TEXT","• Town Halls now hold lots of available loot - destroy them in battle for a big payout!\n• League Bonuses are bigger than ever, but scale with your destruction percentage\n• Trophy offers get bigger and Trophy losses lower the higher your League!","• Les hôtels de ville disposent désormais de nombreux butins – détruisez les HDV pour remporter le gros lot !\n• Les bonus de ligue sont plus généreux que jamais, mais ils tiennent compte du pourcentage de destruction\n• Plus votre ligue est élevée, plus les offres de trophée augmentent et plus les pertes de trophées diminuent !","• Rathäuser enthalten jetzt jede Menge Beute. Zerstöre sie im Kampf, um groß abzusahnen!\n• Ligaboni sind größer als je zuvor, stehen jedoch im Verhältnis zu deinem Zerstörungsanteil.\n• Je höher deine Liga, desto mehr Trophäen kannst du gewinnen und desto weniger Trophäen verlierst du.","• Los ayuntamientos ahora albergan un gran botín disponible: ¡destrúyelos en la batalla y conseguirás grandes beneficios!\n• Los bonus de ligas son mayores que nunca, pero dependerán del porcentaje de destrucción causada.\n• Las ofertas de trofeos aumentarán y las pérdidas de trofeos se reducirán conforme mayor sea la liga a la que perteneces.","• Ora i Municipi contengono un ricco bottino: distruggili in battaglia per intascare grosse vincite!\n• I bonus di lega sono più grandi che mai, ma sono proporzionati alla tua percentuale di distruzione\n• Man mano che il livello della tua lega cresce, le offerte di trofei diventano più sostanziose, mentre le perdite di trofei diminuiscono!","• Stadhuizen bezitten nu veel buit. Vernietig ze in de strijd voor een geweldige opbrengst!\n• Divisiebonussen zijn nu groter dan ooit, maar zijn afhankelijk van je vernietigingspercentage\n• Hoe hoger je divisie des te groter je trofeekansen en des te lager je trofeeverliezen!","• Rådhus rommer nå mengder med tilgjengelig utbytte – ødelegg dem i kamp for å sikre deg store ressurser!\n• Ligabonusene er større enn noensinne, men samsvarer med hvor mange prosent du ødelegger\n• Du kan vinne flere og risikerer å tape færre trofeer jo høyere liga du er i!","• Os Centros de Vila agora mantêm muito saque disponível - destrua-as na batalha para receber um retorno compensador!\n• Os bônus de liga são maiores do que nunca, mas proporcionais ao seu percentual de destruição\n• As ofertas de troféus tornam-se maiores e as perdas de troféus são menores quanto mais alta for a sua liga!","• Belediye Binaları artık pek çok mevcut ganimet bulunduruyor; büyük bir kazanç sağlamak için onları savaşta yok et!\n• Lig Bonusları her zamankinden daha fazla ancak hasar yüzdenle doğru orantılı\n• Kupa teklifleri artıyor ve Ligin yükseldikçe Kupa kayıpları azalıyor!","• タウンホールから大量の戦利品を獲得できるようになりました。破壊して資源をがっつり奪いましょう！\n• リーグごとのボーナスがこれまでよりも増えました。ただし、村の破壊率の影響を受けます。\n• 上位のリーグになるほど、獲得できるトロフィーの数は増え、失うトロフィーの数が減るようになりました。","• 大本营现在储存大量可掠夺战利品 - 在战斗中摧毁它就能获得丰厚奖励！\n• 有史以来最丰厚的联赛奖励，奖励与您的摧毁程度成正比\n• 联赛等级越高，获得的奖杯就越多，损失的就越少。","• 마을 회관에 더 많은 자원이 보관됩니다. 회관을 파괴하면 큰 자금이 들어옵니다!\n• 리그 보너스가 그 어느 때보다 커졌지만, 기지 파괴 비율에 따라 전리품 양이 달라지게 됩니다.\n• 리그가 높을수록 트로피 획득량은 커지고 손실량은 감소합니다!","• Теперь в ратуше хранится больше добычи, уничтожьте ее скорее!\n• Бонусы Лиги сильно выросли, но зависят теперь от процента разрушения\n• Чем выше Лига, тем больше вы получаете трофеев и тем меньше теряете!","• قاعات المدينة الآن تحتوي على الكثير من الغنيمة المتاحة - قم بتدميرهم في معركة مقابل مكافأة كبيرة!\n• مكافآت الدوري أكبر من أي شيء في السابق، لكن يتأثر بالنسبة المئوية لدمارك\n• تزداد عروض الكأس وتنخفض خسارات الكأس كلما ازداد مستوى بطولة الدوري لديك!","• 大本營現在儲存了許多的戰利品，在戰鬥中摧毀大本營來大撈一票吧！\n• 聯盟獎勵比以前更豐富了，但會將你的破壞率納入計算\n• 不只獎勵獎盃更多，只要聯盟的等級越高，損失的獎盃也會越少！"
"TID_NEWS_TH11_UPDATE_GAMEPLAY_TITLE","Gameplay Balancing","Équilibrage du gameplay","Spielbalance","Equilibrio en la experiencia de juego","Bilanciamenti dell'esperienza di gioco","Balansaanpassingen van het spel","Spillbalanse","Equilíbrio de jogo","Oyun Dengesi","ゲームバランスの改善","游戏平衡性调整","게임 플레이 밸런스","Игровой баланс","توازن اللعب","遊戲平衡性"
"TID_NEWS_TH11_UPDATE_GAMEPLAY_TEXT","• Battle time limit has been increased by 30 seconds\n• Goblins now target the Town Hall and Clan Castle for 2x damage\n• Rearm costs for all traps have been massively reduced\n• Reload costs for X-Bows have been massively reduced\n• Large amounts of Healers now have reduced effectiveness on the same unit\n• Army boosts have been reduced to 5 gems for 1 hour of boost\n• Cost for finding a match and ‘Nexting’ reduced for TH10\n• Clan War Preparation Day has been reduced to 23 hours\n• Troop combat and pathfinding AI has been polished up and tightened\n• Available loot percentage on Town Hall levels 6-10 has been slightly increased\n• Villages one Town Hall level lower are now worth slightly less loot\n• The playing field and troop deployment area have both been expanded (outlying obstacles have been automatically moved)","• La durée maximum des batailles a été augmentée de 30 secondes\n• Les gobelins attaquent désormais l'hôtel de ville et le château de clan pour 2 fois plus de dommages\n• Le coût de réarmement des pièges a été drastiquement réduit\n• Le coût de rechargement des arcs-X a été drastiquement réduit\n• Un grand nombre de guérisseuses disposent désormais d'une efficacité réduite sur une même unité\n• Les améliorations des armées ont été réduites à 5 gemmes pour 1 heure de boost\n• Le coût de recherche de partie et de ""Suivant"" a été réduit pour HDV 10\n• Le jour de préparation de la guerre des clans a été réduit à 23 heures\n• L'IA des combats de troupe et de repérage a été améliorée et affinée\n• Le pourcentage de butin disponible de l'hôtel de ville des niveaux 6 à 10 a été légèrement augmenté\n• Les villages d'un niveau HDV inférieur rapportent un butin légèrement moindre\n• Le terrain de jeu et la zone de déploiement des troupes ont été agrandis (les obstacles de délimitation ont été automatiquement déplacés)","• Das Kampfzeitlimit wurde um 30 Sekunden verlängert.\n• Kobolde können dem Rathaus und der Clanburg jetzt doppelt so viel Schaden zufügen.\n• Reaktivierungskosten für alle Fallen wurden stark reduziert.\n• Nachladekosten für X-Bögen wurden stark reduziert.\n• Viele Heiler sind bei derselben Einheit jetzt weniger effektiv.\n• Armeeschübe wurden auf 1 Stunde und 5 Juwelen reduziert.\n• Die Kosten für Spiele und fürs Überspringen von Angriffen sind bei Rathaus-Level 10 jetzt niedriger.\n• Der Vorbereitungstag für den Clankrieg wurde auf 23 Stunden verkürzt.\n• Die KI für Truppen und Wegfindung wurde optimiert.\n• Die verfügbare Beutemenge bei Rathaus-Level 6–10 wurde leicht erhöht.\n• Bei Dörfern, die ein Rathaus-Level niedriger sind, gibt es etwas weniger Beute.\n• Spielfeld und Truppeneinsatzgebiet wurden erweitert, Hindernisse außerhalb wurden automatisch verschoben.","• El límite de tiempo de la batalla ha aumentado en 30 segundos.\n• Los duendes ahora atacan el ayuntamiento y el castillo del clan por el doble de daño.\n• El coste de rearme de todas las trampas se ha reducido considerablemente.\n• El coste de recarga de todas las ballestas se ha reducido considerablemente.\n• Un gran número de curanderas tiene una efectividad reducida sobre la misma unidad.\n• Las aceleraciones de tropas se han reducido a 5 gemas por 1 hora de aceleración.\n• El coste de buscar batalla se reduce con el ayuntamiento de nivel 10.\n• El tiempo de preparación de la guerra de clanes se ha reducido a 23 horas.\n• La inteligencia artificial de búsqueda de rutas y combate de tropas se ha retocado y ajustado.\n• El porcentaje de botín disponible en los ayuntamientos de niveles 6-10 ha aumentado ligeramente.\n• Las aldeas con un ayuntamiento de un nivel menos tienen ahora un botín ligeramente inferior.\n• El campo de juego y la zona de despliegue de tropas se han ampliado (los obstáculos periféricos han sido automáticamente eliminados).","• Il limite della durata delle battaglie è stato aumentato di 30 secondi\n• Ora i goblin infliggono al Municipio e al castello del clan danni doppi\n• I costi di riarmo delle trappole sono stati enormemente ridotti\n• I costi di ricarica degli archi-X sono stati enormemente ridotti\n• Ora grandi quantità di guaritori hanno un'efficacia ridotta sulla stessa unità\n• I potenziamenti dell'esercito sono stati ridotti a 5 gemme per 1 ora di potenziamento\n• Il costo per aver trovato una partita e averla passata è ridotto per il Municipio 10\n• Il giorno dei preparativi per la Guerra tra clan è stato ridotto a 23 ore\n• L'IA delle truppe è stata migliorata e raffinata nei combattimenti e nei movimenti\n• La percentuale di bottino disponibile nel Municipio di livello 6-10 è stata aumentata leggermente\n• Ora i villaggi con un Municipio inferiore di un livello valgono meno bottino\n• Il campo di gioco e l'area di schieramento delle truppe sono stati estesi (gli ostacoli esterni sono stati spostati automaticamente)","• De gevechtstijdlimiet is verhoogd met 30 seconden\n• Kobolden richten zich nu op het stadhuis en clankasteel voor dubbele schade\n• De herlaadkosten voor alle vallen zijn enorm verlaagd\n• De herlaadkosten voor X-bogen zijn enorm verlaagd\n• Grote aantallen helers hebben nu minder effect op dezelfde eenheid\n• Legerboosts zijn verminderd naar 5 edelstenen voor een boost van 1 uur\n• De kosten om een tegenstander te zoeken en volgende tegenstanders te zoeken, zijn verminderd bij een stadhuis van level 10\n• De voorbereidingsdag voor een clanoorlog is verminderd naar 23 uur\n• Troepengevechten en AI-routes zijn verbeterd en preciezer\n• Het beschikbare buitpercentage bij stadhuizen van levels 6-10 is iets verhoogd\n• Dorpen met een stadhuis van één level lager zijn nu iets minder buit waard\n• Het speelveld en gebied waarin je troepen inzet zijn allebei uitgebreid (obstakels aan de randen zijn automatisch verwijderd)","• Tidsgrensen for kamp er økt med 30 sekunder\n• Nisser angriper nå rådhus og klanslott for 2x skade\n• Prisen for å armere feller på nytt er kraftig redusert\n• Prisen for å lade X-buer på nytt er kraftig redusert\n• Store mengder helbredere er nå mindre effektive når de behandler samme enhet\n• Økninger for militæret er redusert til 5 juveler for 1 time med økning\n• Prisen for å finne en match og klikke seg videre er redusert for rådhus på nivå 10\n• Forberedelsesdagen for klankriger er forkortet til 23 timer\n• KI for troppkamp og å finne vei er gjort bedre\n• Den tilgjengelige utbytteprosentandelen for rådhus på nivå 6–10 er noe redusert\n• Landsbyer med rådhus på ett lavere nivå gir nå betydelig mindre utbytte\n• Spillefeltet og området for tropputplassering er begge utvidet (hindringer i periferien blir automatisk fjernet)","• O tempo de batalha aumentou em 30 segundos.\n• Os goblins agora atacam o Centro de Vila e o Castelo do Clã, causando duas vezes o dano.\n• Os custos para rearmar para todas as armadilhas foram reduzidos drasticamente.\n• Os custos para recarregar as X-Bestas foram reduzidos drasticamente.\n• Grandes quantidades de curadoras agora têm eficácia reduzida na mesma unidade.\n• As acelerações do exército foram reduzidas a 5 gemas por hora de aceleração.\n• O custo para procurar uma partida e escolher ‘Próxima’ foi reduzido para o Centro de Vila nível 10.\n• O Dia de Preparação da guerra de clãs foi reduzido para 23 horas.\n• O combate de tropas e o explorador IA foram refinados e aprimorados.\n• O percentual de saque disponível nos níveis 6-10 do Centro de Vila foi ligeiramente aumentado.\n• As vilas com um nível de Centro de Vila mais baixo agora rendem saques ligeiramente menores.\n• O campo de jogo e a área de mobilização de tropas foram expandidos (os obstáculos no caminho foram movidos automaticamente).","•  Savaş süresinin limiti 30 saniyeye çıktı\n• Goblinler artık Belediye Binası ve Klan Kalesini 2 kat hasarla hedef alıyor\n• Tuzaklar için yeniden silahlanma maliyeti büyük oranda azaldı\n• X-Topunun yeniden yükleme maliyeti büyük oranda azaldı\n• Çok sayıda Şifacının yararlılığı artık aynı birim üzerinde daha az olacak\n• Ordu destekleri 1 saatlik destek için 5 taş olarak azaltıldı\n• Bir eşleşme bulma ve ""Sonrakine Geçme"" maliyeti BB1O için azaltıldı\n• Klan Savaşı Hazırlık Günü 23 saate düşürüldü\n• Birlik savaşı ve iz bulucu YZ düzenlendi ve sıkılaştırıldı\n• 6-10 arası seviyelerdeki Belediye Binalarında mevcut olan ganimet yüzdesi biraz artırıldı\n• Bir Belediye Binası seviyesi düşük olan Köylerin ganimet değeri artık biraz daha az\n• Oyun alanı ve birlik mevzilendirme bölgesi genişletildi (etraftaki engeller otomatik olarak yer değiştirdi)","• 戦闘の制限時間が30秒間延長されました。\n• ゴブリンはタウンホールとクランの城を狙うようになり、それぞれに2倍のダメージを与えます。\n• 全ての罠の再利用コストが大幅に削減されました。\n• 巨大クロスボウの再装填コストが大幅に削減されました。\n• 多くのヒーラーが同じユニットに与える効果が低下しました。\n• 軍事関連の設備やヒーローをエメラルド5個で1時間ブーストできるようになりました。\n• タウンホールレベル10での対戦相手検索や他の相手を探すためのコストが削減されました。\n• クラン対戦の準備日が23時間に短縮されました。\n• ユニットがこれまでよりも賢く進路を選び戦うようになりました。\n• タウンホールレベル6～10で獲得できる戦利品の割合が若干増えました。\n• タウンホールレベルが1低い村から得られる戦利品が僅かに減少しました。\n• 村が広くなり、建物を配置できるエリアとユニットを配置できるエリアの両方が拡張されました。これに伴い、もともと範囲外にあった障害物の位置が移動しています。","• 战斗时间上限增加30秒\n• 哥布林现在会将大本营和部落城堡作为攻击目标，并造成双倍伤害\n• 大幅降低了所有陷阱的重新布置成本\n• 大幅降低了x连弩的重新装弹成本\n• 降低了多个天使对同一个单位的治疗效果\n• 降低了训练加速的成本，现在花费5颗宝石即可加速1小时\n• 降低了第10级大本营时搜索对手和“下一个对手”的成本\n• 部落对战准备日降至23小时\n• 优化了部队战斗和寻路AI\n• 稍微提高了6-10级大本营中可劫掠的战利品比例\n• 降低了大本营等级低一级的村庄的战利品的比例\n• 扩大了游戏区域和部队部署区域（村庄边缘障碍物也已自动外移）","• 전투 시간 제한이 30초 늘었습니다.\n• 이제 고블린이 마을 회관과 클랜 성을 겨냥하여 2배의 피해를 줍니다.\n• 모든 함정의 재장전 비용이 크게 줄어듭니다.\n• 대형 석궁의 장전 비용이 크게 줄었습니다.\n• 많은 수의 치유사들이 같은 유닛을 치유할 경우 효율이 감소합니다.\n• 병력 강화의 비용과 지속 시간이 보석 5개/1시간으로 변경됩니다.\n• 마을 회관 10레벨의 상대 찾기 및 '다음 찾기' 비용이 감소합니다.\n• 클랜 전쟁 준비일의 시간이 23시간으로 변경됩니다.\n• 부대 전투 및 길 찾기 AI가 더 개선되고 정교해집니다.\n• 6~10레벨의 마을 회관 전리품 약탈 가능 비율이 약간 늘어납니다.\n• 마을 회관이 1레벨 낮은 마을에서 얻는 전리품이 약간 줄어듭니다.\n• 마을을 만들고 병력을 배치할 수 있는 공간이 늘어납니다. 외진 곳의 장애물들은 자동으로 옮겨집니다.","• Время сражения выросло на 30 секунд\n• Теперь гоблины нападают на ратушу и Крепость клана, нанося двойной урон\n• Цена перезарядки ловушек сильно уменьшилась\n• Перезарядка Арбалета тоже стала дешевле\n• Большая группа Целительниц, концентрирующаяся на одном войне, менее эффективна\n• Ускорение казарм теперь стоит 5 кристаллов в час\n• Стоимость подбора противника и выбор другого уменьшилась для ратуши 10 уровня\n• День подготовки к Войне кланов уменьшен до 23 часов\n• ИИ солдат и выбора пути был улучшен \n• Доступный процент добычи в ратуше 6-10 уроней увеличен\n• Деревни с меньшим уровнем ратуши приносят меньше добычи\n• Игровая зона и зона развертывания войск увеличились (лишние препятствия удалены)","• حدود وقت المعركة ازداد بمقدار 30 ثانية\n• الغيلان أصبحت الآن تستهدف قاعة المدينة وقلعة القبيلة لمضاعفة الضرر\n• تم تقليل تكاليف إعادة التسليح لكل الفخاخ بشكل كبير\n• تم خفض تكاليف إعادة التحميل للأقواس بشكل كبير\n• كميات كبيرة من المعالجين قد انخفض تأثيرها على الوحدات نفسها\n• انخفضت تعزيزات الجيش إلى 5 جواهر لمدة ساعة واحدة من المعزز\n• تكلفة العثور على مطابق و""النقل"" قد انخفضت لقاعة المدينة 10\n• يوم الاستعدادات لحرب القبيلة قد انخفضت إلى 23 ساعة\n• الذكاء الاصطناعي لقتال القوات والعثور على الممرات قد تم تقويته وتعزيزه\n• النسبة المئوية للغنيمة المتاحة على قاعة المدينة من المستويات 6 إلى 10 قد ازدادات بدرجة بسيطة\n• قاعة المدينة الأقل مستوى في القرى أصبحت الآن تساوي أقل قليلاً من الغنيمة\n• حقل اللعب ومنطقة نشر القوات قد تم توسعتهما (العقبات النائية قد انتقلت تلقائيًا)","•  作戰時間現已延長 30 秒\n• 哥布林現在會針對大本營進行攻擊，並造成 2倍的傷害\n• 大幅調降所有陷阱的重新整備花費\n• 大幅調降弩砲的重新裝填花費\n• 調降了大量療癒天使對準同一單位時的治療效益\n• 軍隊訓練加速的花費降低為 5 顆寶石，時效為 1 小時\n• 調降了10級大本營搜尋對手的花費\n• 部落對戰準備日的時間調降至 23 小時\n• 調整了部隊戰鬥與尋徑的 AI，使其更加精確\n• 稍微提升了於 6 到 10 級大本營獲得的戰利品百分比\n• 稍微調降比大本營低一級的村莊可獲得的戰利品總量\n• 擴展了遊戲區域和部隊部署區域（邊界的障礙物自動外移）"
"TID_NEWS_TH11_UPDATE_OTHER_TITLE","Other Balancing and Improvements","Autres équilibrages et améliorations","Weitere Verbesserungen der Spielbalance","Otras mejoras y más cambios de equilibrio","Altri bilanciamenti e miglioramenti","Overige balansaanpassingen en verbeteringen","Andre forbedringer og endringer i balanse","Outras melhorias:","Diğer Dengeleme ve Geliştirmeler","その他のバランス改善と変更箇所","其他平衡性调整和改进","기타 밸런스 조정 및 개선 사항","Еще о балансе и улучшениях","توازنات وتحسينات أخرى","其他調整與內容改善"
"TID_NEWS_TH11_UPDATE_OTHER_TEXT","• Two new achievements have been added: Anti-Artillery and Sharing is Caring\n• Troop/Spell donation interface has been revamped and now shows existing donations\n• Troops in Barracks can now be queued in sequence, similarly to the Spell Factory\n• The Clan War button now animates when a war attack starts\n• Active Shield or Guard can now be manually dismissed by tapping on the icon\n• You can now be offline a bit longer before being made vulnerable to attack\n• A special sound plays when finding a multiplayer target after 10 seconds of searching\n• A special sound plays when no multiplayer targets are found and a search is cancelled\n• Personal Break online-time limit has been reduced to 4 hours\n• Personal Break limit is now extended instead of reset in some cases\n• Multiplayer matchmaking is less likely to offer opponents under your Town Hall level (only below Champion League)","• Deux nouveaux succès ont été ajoutés : Anti-artillerie et Partager, c'est s'engager\n• L'interface de don d'unité/de sort a été remodelée pour afficher les dons existants\n• Les troupes des casernes peuvent désormais être mises en attente, comme dans l'usine de sorts \n• Le bouton Guerre de clans s'anime désormais lorsqu'une attaque de guerre commence\n• Le bouclier actif ou la protection peuvent désormais être manuellement désactivés via l'icône\n• Vous pouvez désormais rester hors ligne un peu plus longtemps avant de devenir vulnérable à une attaque\n• Un son spécial se déclenche quand vous trouvez une cible multijoueur après 10 secondes de recherche\n• Un son spécial se déclenche lorsqu'aucune cible multijoueur n'est pas trouvée et que la recherche est annulée\n• La période de pause a été réduite à 4 heures\n• La limite de la période de pause est désormais étendue au lieu d'être réinitialisée dans certains cas\n• La recherche d'affrontements multijoueurs vous propose moins d'adversaire dont le niveau est inférieur à celui de votre hôtel de ville (seulement sous la ligue des champions)","• Es gibt zwei neue Erfolge: „Anti-Artillerie“ und „Geteilte Freude ist doppelte Freude“.\n• Die Oberfläche für Truppen- und Zauberspenden wurde überarbeitet und zeigt jetzt aktuelle Spenden an.\n• Truppen in Kasernen können jetzt wie bei der Zauberfabrik nacheinander in die Warteschlange gesetzt werden.\n• Die Schaltfläche für den Clankrieg ist jetzt animiert, wenn ein Kriegsangriff beginnt.\n• Aktiver Schild und Schutz können jetzt manuell abgestellt werden, indem du auf das Symbol tippst.\n• Du kannst jetzt ein weniger länger offline sein, ohne dich Angriffen auszusetzen.\n• Ein bestimmter Ton wird abgespielt, wenn nach 10 Sekunden Suche ein Mehrspielerziel gefunden wurde.\n• Ein bestimmter Ton wird abgespielt, wenn keine Mehrspielerziele gefunden wurden und die Suche abgebrochen wird.\n• Das Online-Zeitlimit für die Auszeit wurde auf 4 Stunden reduziert.\n• In einigen Fällen wird das Auszeitlimit jetzt erhöht statt zurückgesetzt.\n• Die Mehrspieler-Spielersuche lässt dich jetzt weniger oft gegen Spieler mit niedrigerem Rathaus-Level antreten (nur unterhalb der Champions-Liga).","• Se han añadido dos nuevos logros: Antiartillería y Compartir es vivir.\n• Hemos rediseñado la interfaz de tropas y hechizos y ahora muestra las donaciones existentes.\n• Las tropas del cuartel ahora se pueden poner en cola de forma secuencial, al igual que en el caldero de hechizos.\n• El botón de guerra de clanes presenta ahora una animación cuando empieza un ataque de guerra.\n• El escudo o la guardia activos se pueden eliminar manualmente tocando su icono.\n• Ahora puedes estar desconectado un poco más de tiempo antes de ser vulnerable a los ataques.\n• Sonará una señal especial cuando se encuentre un objetivo de multijugador tras 10 segundos de búsqueda.\n• Sonará una señal especial cuando no se encuentren objetivos de multijugador y la búsqueda se cancele.\n• El límite de tiempo de conexión para la pausa personal se ha reducido a 4 horas.\n• En algunos casos, la pausa personal se extiende en vez de reiniciarse.\n• Buscar batallas de multijugador tiene menos probabilidades de ofrecer oponentes por debajo del nivel de tu ayuntamiento (solo por debajo de la Liga de Campeones).","• Sono stati aggiunti due nuovi obiettivi: Anti-artiglieria e Condividere è importante\n• L'interfaccia di donazione di truppe/incantesimi è stata aggiornata e ora mostra le donazioni esistenti\n• Ora le truppe nella caserma possono essere messe in coda in sequenza, come nella fabbrica degli incantesimi\n• Ora il pulsante Guerra tra clan si anima quando inizia un attacco in guerra\n• Ora lo scudo o la guardia attivi possono essere disattivati manualmente toccando l'icona\n• Ora puoi stare offline un po' più a lungo prima di essere vulnerabile agli attacchi\n• Effetto sonoro speciale quando trovi un bersaglio multigiocatore dopo 10 secondi di ricerche\n• Effetto sonoro speciale quando non trovi alcun bersaglio multigiocatore e la ricerca è annullata\n• Il limite di tempo online della pausa personale è stato ridotto a 4 ore\n• Ora il limite della pausa personale viene esteso anziché azzerarsi in certi casi\n• È meno probabile che il matchmaking multigiocatore ti offra avversari sotto il tuo livello di Municipio (solo sotto la lega Campioni)","• Er zijn twee nieuwe prestaties toegevoegd: Anti-artillerie en Delen is sociaal\n• De interface voor troepen-/spreukendonatie is herzien en geeft nu de bestaande donaties weer\n• Troepen in kazernes kunnen nu in volgorde in een wachtrij worden gezet, vergelijkbaar met de spreukenfabriek\n• Animatie toegevoegd aan de knop Clanoorlog bij de start van een oorlogsaanval\n• Een actief schild of actieve bescherming kan nu handmatig worden opgeheven door op het pictogram te tikken\n• Je kunt nu iets langer offline zijn voordat je kwetsbaar wordt voor een aanval\n• Er klinkt een speciaal geluid als je een multiplayerdoel vindt na 10 seconden zoeken\n• Er klinkt een speciaal geluid als er geen multiplayerdoelen worden gevonden en het zoeken wordt gestaakt\n• De tijdslimiet voor een persoonlijke onderbreking terwijl je online bent, is verminderd naar 4 uur\n• In sommige gevallen wordt de limiet voor een persoonlijke onderbreking verlengd in plaats van gereset\n• Multiplayerkoppelingen leveren nu minder vaak tegenstanders op met een stadhuislevel lager dan je eigen level (alleen tot aan kampioensdivisie)","• To nye utmerkelser er lagt til: Anti-Artilleri og Å gi er å få\n• Grensesnittet for donasjon av tropper/formler er pusset opp og viser nå eksisterende donasjoner\n• Tropper i kaserner kan nå legges i kø etterfølgende, på samme måte som i magifabrikken\n• Klankrigknappen viser nå en animasjon når et krigsangrep starter\n• Aktive skjold eller vakter kan nå avløses manuelt ved at man trykker på ikonet\n• Man kan nå være frakoblet lenger før man er sårbar for angrep\n• En spesiallyd spilles av når man finner et flerspillermål etter å ha søkt i 10 sekunder\n• En spesiallyd spilles av når man ikke finner flerspillermål og søket blir avbrutt\n• Tidsgrensen for personlige pauser mens man er pålogget, er redusert til 4 timer\n• Grensen for personlige pauser blir nå utvidet istedenfor tilbakestilt i enkelte tilfeller\n• Det er mindre sannsynlig at man får motstandere under sitt eget rådhusnivå ved flerspiller-matchmaking (bare under Stormesterligaen)","• Foram adicionadas duas novas conquistas: a Antiartilharia e a Compartilhar é Cuidar.\n• A interface de doação de tropas/feitiços foi corrigida e agora mostra as doações existentes\n• As tropas nos Quartéis agora podem ser enfileiradas na sequência, da mesma forma que a Fábrica de Feitiços.\n• O botão Guerra de clãs agora é animado quando um ataque de guerra inicia.\n• Um escudo ou guarda ativa agora pode ser descartado manualmente, tocando no ícone.\n• Agora você pode ficar off-line por mais tempo antes de ficar vulnerável a ataques.\n• Um som especial toca quando um alvo multijogador é encontrado depois de 10 segundos de busca.\n• Um som especial toca quando nenhum alvo multijogador é encontrado e a busca é cancelada.\n• O limite de tempo on-line do Intervalo pessoal foi reduzido a 4 horas.\n• O limite do Intervalo pessoal agora é estendido em vez de redefinido em alguns casos.\n• A combinação multijogador tem probabilidade menor de oferecer oponentes abaixo do nível de seu Centro de Vila (só abaixo da Liga de Campeões).","• İki yeni başarı eklendi: Anti Ağır Silah ve Paylaşmak Önemsemektir\n• Birlik/Büyü bağışı arayüzü tekrar düzenlendi ve varolan bağışları gösteriyor\n• Kışlalardaki Birlikler artık Büyü Fabrikasında olduğu gibi sırayla gösterilecek\n• Klan Savaş düğmesi artık savaş başladığında animasyon gösterecek\n• Etkin Kalkan ya da Koruyucu artık simgesine dokunulduğunda elle bitirilecek\n• Artık bir saldırıya açık olmadan önce bir süre çevrimdışı olabileceksin\n• 10 saniyelik araştırma sonucu çok oyunculu hedef bulunduğunda özel bir ses duyulacak\n• Çok oyunculu hedef bulunamadığında ve arama iptal edildiğinde özel bir ses duyulacak\n• Hapisten Kaçmanın çevrimiçi süre sınırı 4 saate düşürüldü\n• Kişisel Kaçış sınırı bazı durumlarda sıfırlanmak yerine artık daha uzun sürecek\n• Çok oyunculu eşleşme, Belediye Binası seviyenden düşük olan rakipleri daha az önerecek (yalnızca Şampiyon Ligi altında)","• 新しい達成項目「イーグル崩壊」と「たすけ愛」が追加されました。\n• ユニットと呪文の寄付のインターフェースが改良され、現在寄付しているユニットと呪文を確認できるようになりました。\n• 兵舎のユニット訓練は呪文と同じように先々の分まで予約しておけるようになりました。\n• クラン対戦で攻撃が始まると、クラン対戦ボタンがアニメーションでお知らせするようになりました。\n• 使用中のシールドや村の護りは、残り時間に関わらず手動で終了させられるようになりました。\n• 村が他のプレイヤーからの攻撃対象になるまでのオフライン時間が若干長くなりました。\n• 検索開始から10秒以上たってから対戦相手が見つかった場合には、特別な効果音でお知らせします。\n• 対戦相手が見つからない場合には、効果音を鳴らしてお知らせし検索を終了します。\n• 連続4時間以上オンラインのままでいた場合、強制的にオフライン状態になるように変更されました。\n• 状況に応じて、休憩時間はリセットされるのではなく延長されるようになりました。\n• チャンピオンリーグ以下のリーグでは、プレイヤー同士の対戦で自分よりもタウンホールレベルが低い相手が選出される確率が低下しました。","• 新增两个成就： “火炮杀手”和“分享即关爱”\n• 部队/法术增援界面经重新设计，现在可以显示已有的增援\n• 和法术工厂类似，训练营中的部队现在可以按次序排列\n• 进攻开始时，“部落对战”按钮现将显示动画\n• 现在按对应按钮就能手动停用已启动的护盾与村庄守卫\n• 稍微延长了您离线后可遭受进攻的时间\n• 经过10秒搜索后发现目标时，将播放特别音效\n• 未找到攻击目标且取消搜索时，将播放特别音效\n• 根据个人强制下线规定，玩家在线时间的上限降低至4小时\n• 在某些情况下，个人强制下线的时限不会重置，而是会延长\n• 现在联机匹配为您找到低于您的大本营等级的对手的可能性更小（仅限冠军联赛以下）","• 2개의 새로운 도전 과제 추가: '포탑 대항' 및 '나눔이 곧 돌봄이다'\n• 병력/마법 지원 인터페이스가 수정되어 기존의 지원 정보도 표시됩니다.\n• 훈련소의 병력을 마법 제작소처럼 훈련 대기시켜둘 수 있습니다.\n• 클랜 전쟁 공격이 시작되면 전쟁 버튼이 애니메이션 처리됩니다.\n• 아이콘을 누르면 활성화된 보호막이나 가드를 수동 해제할 수 있습니다.\n• 오프라인 상태에서 공격에 노출되기까지의 시간이 더 길어집니다.\n• 멀티플레이 상대 찾기 후 10초가 지나서 상대를 찾으면 특별한 사운드가 재생됩니다.\n• 멀티플레이 상대를 찾지 못하고 검색이 취소되면 특별한 사운드가 재생됩니다.\n• 개인 휴식 온라인 시간 제한이 4시간으로 감소합니다.\n• 일부 경우에서 개인 휴식 제한이 초기화되지 않고 연장되는 방식으로 바뀝니다.\n• 멀티플레이 상대 찾기에서 마을 회관 레벨이 더 낮은 상대와 만날 확률이 감소합니다. (챔피언 리그 이하에만 적용)","• Добавлены два достижения: «Анти-орлин» и «Делиться хорошо»\n• Изменен экран пожертвования войск и заклинаний, теперь он показывает, что уже было отдано\n• Войска в Казармах теперь можно ставить в очередь, как на фабрике заклинаний\n• Кнопка Войны кланов показывает анимацию во время начала войны\n• Щит и Защиту можно снять, нажав на кнопку\n• Теперь вы можете отсутствовать дольше, прежде чем на вас смогут напасть\n• При нахождении противника после 10 секунд поиска играет музыка\n• При нахождении цели и завершении поиска играет музыка\n• Время в сети до перерыва уменьшено до 4 часов\n• Личный перерыв увеличен\n• Подбор противников в многопользовательском режиме вряд ли предложит противников с меньшим уровнем ратуши (до лиги Чемпионов)","• تمت إضافة إنجازين جديدين: مضاد المدفعية والمشاركة تعني الاهتمام\n• واجهة التبرع بالقوات/التعويذات قد تم تجديدها وتظهر الآن التبرعات السابقة\n• يمكن الآن وضع القوات في الثكنات في قائمة الانتظار على التوالي، بطريقة مشابهة لمصنع التعويذات\n• زر حرب القبيلة يتحرك الآن عند بدء هجوم حرب\n• يمكن الآن إنهاء الدرع النشط أو الحراسة وذلك بالنقر على الأيقونة\n• يمكنك الآن البقاء دون اتصال بالإنترنت لفترة أطول قبل أن تصبح عرضة للهجوم\n• يتم تشغيل صوت خاص عند العثور على هدف متعدد اللاعبين بعد 10 ثوان من البحث\n• يتم تشغيل صوت خاص عند تعذر العثور على أهداف متعددة اللاعبين ويتم إلغاء البحث\n• تم تقليل فترة الراحة الشخصية عبر الإنترنت إلى 4 ساعات\n• حدود الراحة الشخصية قد تم تمديدها الآن بدلاً من إعادة التعيين في بعض الحالات\n• مطابقة اللاعبين المتعددين أصبحت ذات احتمالية أقل لعرض خصوم أقل من مستوى قاعة المدينة الخاصة بك (فقط أقل من دوري الأبطال)","• 新增兩項新的成就：「反制火炮」以及「分享即熱情」\n• 更改了部隊與魔咒的增援介面，現在將會顯示目前的增援數量\n• 在訓練營中的部隊可以依佇列排序，就像在法術工廠裡面一樣\n• 部落對戰按鈕將在對戰攻擊開始時顯示動畫\n• 點一下作用中的護盾或村莊守衛圖示，即可手動撤除\n• 現在離線後，可遭受攻擊的時間會再延後\n• 在搜尋其他玩家時，若在10 秒後找到對手，將會播放特殊音效\n• 在搜尋其他玩家時，若未發現其他玩家，或是取消搜尋時，將會播放特殊音效\n• 個人的休養時間限制已調降至四小時\n• 在特定情況下會延長個人休養限制的時間，而非重設\n• 多人玩家配對時，搜到低於你大本營等級的對手的機率降低（僅於冠軍聯盟）"
"TID_NEWS_TOS_UPDATE","We've updated our Terms of Service and Privacy Policy! Please take some time to peruse them (available in-game behind Settings). These important documents govern your relationship with our games, containing beneficial information for anyone who chooses to play. For more information, visit our forums.","Nous avons mis à jour nos conditions d'utilisation et notre politique de confidentialité ! Veuillez en prendre connaissance (disponibles en ligne à côté des paramètres). Ces documents importants gouvernent votre relation à nos jeux, et contiennent des informations indispensables à tous les joueurs. Plus pour d'informations, veuillez consulter nos forums.","Wir haben unsere Nutzungsbedingungen und Datenschutzrichtlinien aktualisiert! Bitte nimm dir etwas Zeit, sie durchzulesen. Du findest sie im Spiel unter „Einstellungen“. Diese wichtigen Dokumente regeln deinen Umgang mit unseren Spielen und enthalten nützliche Informationen für alle Spieler. Weitere Informationen erhältst du in unseren Foren.","Hemos actualizado las Condiciones del servicio y la Política de privacidad. Dedica un momento a leerlas detenidamente (disponibles en la sección de ajustes del juego). Contienen información importante y rigen la relación entre los jugadores y nuestros juegos.","Abbiamo aggiornato i Termini di utilizzo e l’Informativa sulla privacy! Dai un'occhiata, li troverai nel gioco sotto Impostazioni. Questi documenti regolano il tuo rapporto con i nostri giochi e contengono informazioni importanti per chiunque decida di giocare. Per maggiori informazioni, visita i nostri forum.","We hebben onze Algemene voorwaarden en ons Privacybeleid bijgewerkt! Lees ze alsjeblieft even door (je vindt ze in het spel onder Instellingen). Deze belangrijke documenten zijn van toepassing op jouw interactie met onze spellen en bevatten nuttige informatie voor iedereen die ervoor kiest ze te spelen. Bezoek voor meer informatie onze forums.","Vi har oppdatert tjenestevilkårene og retningslinjene for personvern. Ta deg tid til å lese gjennom dem (tilgjengelig i spillet under Innstillinger). Ditt forhold til spillene våre er underlagt disse viktige dokumentene, som inneholder nyttig informasjon for alle som velger å spille. Hvis du vil vite mer, kan du gå til forumene våre.","Atualizamos os nossos Termos de Serviço e Política de Privacidade! Reserve algum tempo para verificá-los (disponíveis no jogos nas Configurações). Estes documentos importantes regem a sua relação com os nossos jogos e contêm informações benéficas para todos que decidam jogá-los. Para obter mais informações, visite nossos fóruns.","Hizmet Koşulları ve Gizlilik Politikamızı güncelledik! Lütfen okumak için vakit ayır (oyun içi Ayarlarda mevcut). Oynamak isteyen herkes için yararlı bilgiler içeren bu önemli belgeler oyunlarımızla olan ilişkinize yön vermektedir. Daha fazla bilgi için forumlarımızı ziyaret et.","Supercellのサービス利用規約とプライバシーポリシーが改定されました。ゲーム内の設定画面からご覧いただけますので、必ず目を通してくださいますようお願いいたします。これらの文書は、弊社のゲームを利用する方にとって有益となる情報を含む、お客様と弊社のゲームの関係を定める重要なものです。詳細は、弊社フォーラムにてご確認いただけます。","我们更新了《服务条款》以及《隐私政策》，请花些时间阅读（可在游戏的“设置”中找到）。这些重要文档规范了您与我们游戏之间的关系，包含一些对所有选择玩我们游戏的玩家的有益信息。要了解更多信息，请访问我们的论坛。","이용 약관과 개인정보 취급 방침이 업데이트되었습니다! 게임 설정에서 찾을 수 있으니 시간을 내어 확인해 주세요. 이 주요 문서는 게임 플레이어에게 유용한 정보를 비롯하여 당사의 게임과 회원님들의 관계에 대해 설명해 줍니다. 자세한 내용은 포럼을 확인해 주세요.","Мы обновили Условия пользования и политику конфиденциальности! Пожалуйста, прочитайте их (доступны в настройках игры). Эти документы являются определяющими в ваших отношениях с нашими играми и содержат полезную для любого игрока информацию. Более подробную информацию вы найдете на наших форумах.","قمنا بتحديث بنود الخدمة وسياسة الخصوصية الخاصة بنا! هذه الوثائق المهمة تحكم علاقتك بألعابنا وتحتوي على معلومات مفيدة لأي شخص يريد أن يلعب. يُرجى قضاء بعض الوقت في دراستها (متاحة في اللعبة خلف قسم الإعدادات). هذه الوثائق المهمة تحكم علاقتك بألعابنا، وتحتوي على معلومات مفيدة لأي شخص يريد أن يلعب. لمزيد من المعلومات، قم بزيارة منتدياتنا.","我們更新了服務條款以及隱私權政策！請花點時間加以閱讀（位於遊戲的「設定」中）。這些重要的文件將影響您與我們遊戲的關係，包含任何遊戲使用者的有利資訊。如需更多資訊，請參訪我們的討論區。"
"TID_ERROR_POP_UP_PERSONAL_BREAK","Villagers need a short break due to being too long without Shield","Les villageois ont besoin d'une courte pause après avoir été longtemps sans bouclier.","Dorfbewohner brauchen eine kleine Pause, wenn sie zu lange keinen Schild hatten.","Tus aldeanos necesitan un descanso porque han pasado mucho tiempo sin escudo.","Gli abitanti del villaggio hanno bisogno di una breve pausa perché sono rimasti troppo a lungo senza scudo","Dorpelingen hebben een korte pauze nodig, omdat ze te lang zonder schild zijn geweest.","Landsbyboere trenger en kort pause siden de har vært for lenge uten skjold.","Os moradores precisam de um pequeno intervalo por terem passado muito tempo sem o Escudo","Köylüler, çok uzun süre Kalkansız kaldıktan sonra kısa bir araya ihtiyaç duyarlar","シールドなしでの連続プレイ時間が長くなってきましたので、村人たちを少し休ませてあげましょう。","因为长时间没有护盾保护，村民们需要短暂休息。","마을이 보호막 없이 너무 오래 버틴 탓에 잠시 휴식이 필요합니다.","Если жители деревни долго живут без щита, им понадобится небольшой перерыв.","يحتاج القرويون إلى فترة استراحة قصيرة بسبب البقاء طويلاً دون درع","因為太久沒有受到護盾的保護，村民將需要稍微休養一陣子。"
"TID_ERROR_POP_UP_PERSONAL_BREAK_TITLE","Personal Break","Période de pause","Auszeit","Pausa personal","Pausa personale","Persoonlijke onderbreking","Personlig pause","Intervalo pessoal","Kişisel Ara","小休止を取りましょう...","在线时间","개인 휴식","Личный перерыв","الاستراحة الشخصية","個人休養時間"
"TID_PERSONAL_BREAK_ATTACK_DISABLED","You must wait until after your Personal Break to start an attack.","Vous devez attendre la fin de votre période de pause pour lancer une attaque.","Du musst bis zum Ende deiner Auszeit warten, bis du einen Angriff starten kannst.","Debes esperar a que termine tu pausa personal para poder atacar.","Devi attendere il termine della tua pausa personale per iniziare un attacco.","Je moet wachten tot na je persoonlijke onderbreking om een aanval te kunnen starten.","Du må vente til den personlige pausen er over før du kan starte et angrep.","Você deve esperar até o fim do seu Intervalo Pessoal para começar um ataque.","Saldırı başlatmak için Kişisel Aranın bitmesini beklemelisin.","休憩時間が終了するまで攻撃できません。","您必须等到个人强制下线时间结束后才能发动进攻。","공격을 시작하려면 개인 휴식이 끝날 때까지 잠시 기다려야 합니다.","Для начала атаки нужно дождаться окончания перерыва.","يجب أن تنتظر لما بعد الاستراحة الشخصية لبدء الهجوم.","你必須等到個人休養時間結束才能發動攻擊。"
"TID_PERSONAL_BREAK_STARTED","You have been without Shield too long and will be soon kicked out for a few minutes.","Vous n'avez pas eu de bouclier pendant trop longtemps : vous allez être exclu(e) du jeu pendant quelques minutes.","Du warst zu lange ohne Schild und wirst daher bald für einige Minuten aus dem Spiel ausgeschlossen.","Has pasado demasiado tiempo sin escudo, así que pronto se te expulsará durante unos minutos.","Sei rimasto senza scudo troppo a lungo e presto sarai disconnesso per qualche minuto.","Je bent al te lang zonder schild, dus je wordt er een paar minuten vanaf geknikkerd.","Du har vært uten skjold for lenge og vil snart bli kastet ut i noen minutter.","Você está sem o Escudo há muito tempo e logo será desconectado por alguns minutos.","Çok uzun süredir Kalkansızsın, birazdan birkaç dakikalığına atılacaksın.","シールドなしでの連続オンライン時間が長すぎるため、間もなく数分間だけ強制的にオフラインになります。","您没有护盾的时间过长，系统将很快强制您下线几分钟。","너무 오랫동안 보호막 없이 버텼기 때문에 게임이 잠시 후 종료되고 몇 분 동안은 실행할 수 없습니다.","Вы играли без щита слишком долго, скоро вы будете изгнаны на несколько минут.","أنت بلا درع منذ فترة طويلة وسيتم طردك قريبًا لبضع دقائق.","你太久沒有使用護盾了，系統很快會將你踢出一小段時間。"
"TID_NEWS_UPDATE_INFO_TEXT","The epic story of a Lava Pup that just wouldn't quit. Inspired by a true Clash tale from CamaroBro. ","L'épopée du roquet de lave qui ne voulut jamais abandonner, d'après une histoire vraie de Clash, par CamaroBro. ","Die epische Geschichte eines Lawawelpen, der einfach nicht aufgeben wollte. Beruht auf einer wahren Clash-Geschichte von CamaroBro. ","Esta es la leyenda de un cachorro de lava que jamás se rindió. Inspirada en una historia real de Clash of Clans de CamaroBro. ","L'epica storia di un cucciolo lavico che si rifiuta di mollare. Ispirata a una vera storia Clash, da CamaroBro. ","Het legendarische verhaal van de lavapup die van geen ophouden wist. Geïnspireerd op een waargebeurd Clash-verhaal van CamaroBro. ","Den storslagne historien om lavavalpen som nektet å gi seg. Inspirert av en sann Clash-historie fra CamaroBro. ","A história épica do cachorrinho de lava que nunca desistia. Inspirado por uma história verdadeira do Clash da CamaroBro. ","Asla yenilgiyi kabul etmeyen Lav Köpecik'in efsane hikâyesi. CamaroBro'dan gerçek bir Clash destanından ilham aldı.  ","決して諦めなかったラヴァパピィの壮大な物語。CamaroBroによるクラクラでの実話から着想を得ています。 ","迷你熔岩犬的精彩故事还远未结束。该故事取自CamaroBro真实的冲突事件。 ","멈출 줄 모르는 라바 펍의 장엄한 전설입니다. CamaroBro의 이야기에서 영감을 받았습니다. ","Грандиозная повесть об Адском щенке, который не сдается. Спасибо реальной клановой повести CamaroBro. ","القصة الملحمية لجرو الحمم الذي لا يتوقف. مستوحى من قصة Clash حقيقية من CamaroBro. ","迷你地獄犬的壯闊故事永不止息，靈感來自於 CamaroBro 的真實《部落衝突》故事。 "
"TID_NEWS_UPDATE_INFO_TITLE","The Legend of the Last Lava Pup","La légende du dernier roquet de lave","Die Legende des letzten Lawawelpen","La leyenda del cachorro de lava","La leggenda dell'ultimo cucciolo lavico","De legende van de laatste lavapup","Legenden om den siste lavavalpen","A lenda do último cachorrinho de lava","Son Lav Köpecik'in Efsanesi","最後のラヴァパピィの伝説","最后一只迷你熔岩犬的传说","마지막 라바 펍의 전설","Легенда о последнем Адском щенке","أسطورة جرو الحمم الأخير","最終迷你地獄犬傳說"
"TID_ERROR_POP_UP_PERSONAL_BREAK_EXTENDED_TITLE","Extended Break","Pause étendue","Verlängerte Auszeit","Pausa extendida","Pausa estesa","Onderbreking verlengd","Utvidet pause","Intervalo estendido","Uzatmalı Ara","休憩時間延長","在线时间已延长","휴식 연장","Продленный перерыв","استراحة ممتدة","休養時間延長"
"TID_ERROR_POP_UP_PERSONAL_BREAK_EXTENDED","Your personal break time limit was not fully reset because you didn't get a Shield the last time you went on break.","Votre période de pause n'a pas été entièrement réinitialisée parce que vous n'avez pas obtenu de bouclier lors de votre pause précédente.","Dein Auszeitlimit wurde nicht vollständig zurückgesetzt, da du dir bei der letzten Auszeit keinen Schild geholt hast.","El límite de tiempo de tu pausa personal no se ha reiniciado completamente porque no compraste ningún escudo la última vez que te tomaste un descanso.","Il limite di tempo della tua pausa personale non è stato azzerato completamente perché alla tua ultima pausa non hai ricevuto uno scudo.","Je tijdlimiet voor een persoonlijke onderbreking is niet volledig opnieuw ingesteld, omdat je geen schild hebt gebruikt toen je de vorige keer een onderbreking had.","Tidsgrensen for den personlige pausen ble ikke helt tilbakestilt siden du ikke mottok et skjold sist gang du startet en pause.","O seu limite de intervalo pessoal não foi totalmente reinicializado porque você não adquiriu um Escudo na última vez em que foi ao intervalo.","Bir önceki ara sırasında bir Kalkan alamadığın için kişisel aran için ayrılan süre sınırı tamamen sıfırlanmamıştı.","前回のゲーム終了時にシールドが有効にならなかったため、村人たちが次に休むまでの時間は完全にはリセットされませんでした。","由于上次强制下线时您未获得护盾，因此您的个人强制下线时间未完全重置。","지난 번 휴식 중에 보호막을 받지 못하여 개인 휴식 제한이 완전히 초기화되지 않았습니다.","Таймер перерыва не был полностью сброшен, так как после последнего перерыва вы не получили щит.","لم يتم إعادة تعيين حدود فترة الاستراحة الشخصية الخاصة بك لأنك لم تحصل على درع في آخر مرة خرجت فيها في استراحة.","因為你在上次休養時並未啟動護盾，所以你的個人休養時間尚未完全重設。"
"TID_ERROR_POP_UP_PERSONAL_BREAK_FINAL_TITLE","Extended Break","Pause étendue","Verlängerte Auszeit","Pausa extendida","Pausa estesa","Onderbreking verlengd","Utvidet pause","Intervalo estendido","Uzatmalı Ara","休憩時間延長","在线时间已延长","휴식 연장","Продленный перерыв","استراحة ممتدة","休養時間延長"
"TID_ERROR_POP_UP_PERSONAL_BREAK_EXTENDED_FINAL","Your personal break time limit was extended but will now reset. To avoid this in the future, make sure your Town Hall is protected and try increasing your Trophy count.","Après avoir été étendue, la limite de temps de votre période de pause va être réinitialisée. Pour éviter que cela se reproduise, protégez votre hôtel de ville et essayez d'augmenter votre nombre de trophées.","Dein Auszeitlimit wurde verlängert, wird jetzt aber zurückgesetzt. Sorge dafür, dass dein Rathaus geschützt ist, und sammle mehr Trophäen, um dies in Zukunft zu vermeiden.","El límite de tiempo de tu pausa personal se extendió, pero ahora se reiniciará. Para evitar que esto vuelva a ocurrir, asegúrate de proteger tu ayuntamiento e intenta conseguir más trofeos.","Il limite di tempo della tua pausa personale è stato esteso, ma ora verrà azzerato. Per evitare che succeda di nuovo in futuro, assicurati di proteggere il Municipio e cerca di aumentare il conteggio dei tuoi trofei.","Je tijdlimiet voor een persoonlijke onderbreking was verlengd, maar wordt nu opnieuw ingesteld. Zorg ervoor dat je stadhuis is beschermd en probeer het aantal trofeeën te verhogen om dit in de toekomst te voorkomen.","Tidsgrensen for den personlige pausen ble utvidet, men blir nå tilbakestilt. Du kan unngå dette i fremtiden ved å sørge for at rådhuset er beskyttet, og ved å skaffe flere trofeer.","Seu limite de tempo do intervalo pessoal foi estendido, mas agora será reinicializado. Para evitar isso no futuro, confira se a sua Prefeitura está protegida e tente aumentar sua contagem de troféus.","Kişisel aran için ayrılan süre sınırı uzatılmıştı ama şimdi sıfırlanacak. İleride bunu engellemek için Belediye Binanın korunduğundan emin ol ve Kupa sayını artırmaya çalış.","休憩時間が延長されていましたが、次の小休止までの時間はこれより通常通りに戻ります。今後このようなことが起こらないようにするには、タウンホールの防御をかため、トロフィーの数を増やしてください。","您的个人强制下线时间已延长，但将不会重置。要在将来避免该问题，请确保您的大本营处于保护之下，并试着提高奖杯数量。","개인 휴식 시간 제한이 연장되었으나 곧 초기화됩니다. 이후에 이런 상황을 방지하려면 마을 회관을 잘 보호하고 트로피 수를 늘려두세요.","Ваш личный перерыв был продлен, но сейчас будет сброшен. Чтобы избежать этого в будущем, постарайтесь защитить ратушу и набрать больше трофеев.","تم تمديد حدود فترة الاستراحة الشخصية الخاصة بك ولكن ستتم إعادة تعيينها الآن. لتجنب هذا في المستقبل، احرص على أن تكون قاعة المدينة الخاصة بك محمية وحاول زيادة عدد كؤوسك.","您的個人休養時間已延長，但將會立即重設。為避免此時間結束帶來的影響，請確認你已為大本營設下防護，並試著增加你的獎盃數量。"
"TID_ERROR_POP_UP_PERSONAL_BREAK_MULTIPLE_FINAL","Your personal break time limit has been extended multiple times but will now reset. To avoid this in the future, make sure your Town Hall is protected and try increasing your Trophy count.","Après avoir été étendue plusieurs fois, la limite de temps de votre période de pause va être réinitialisée. Pour éviter que cela se reproduise, protégez votre hôtel de ville et essayez d'augmenter votre nombre de trophées.","Dein Auszeitlimit wurde mehrmals verlängert, wird jetzt aber zurückgesetzt. Sorge dafür, dass dein Rathaus geschützt ist, und sammle mehr Trophäen, um dies in Zukunft zu vermeiden.","El límite de tiempo de tu pausa personal se ha extendido varias veces, pero ahora se reiniciará. Para evitar que esto vuelva a ocurrir, asegúrate de proteger tu ayuntamiento e intenta conseguir más trofeos.","Il limite di tempo della tua pausa personale è stato esteso più volte, ma ora verrà azzerato. Per evitare che succeda di nuovo in futuro, assicurati di proteggere il Municipio e cerca di aumentare il conteggio dei tuoi trofei.","Je tijdlimiet voor een persoonlijke onderbreking is een aantal keren verlengd, maar wordt nu opnieuw ingesteld. Zorg ervoor dat je stadhuis is beschermd en probeer het aantal trofeeën te verhogen om dit in de toekomst te voorkomen.","Tidsgrensen for den personlige pausen er blitt utvidet flere ganger, men blir nå tilbakestilt. Du kan unngå dette i fremtiden ved å sørge for at rådhuset er beskyttet, og ved å skaffe flere trofeer.","Seu limite de tempo do intervalo pessoal foi estendido várias vezes e agora será reinicializado. Para evitar isso no futuro, confira se a sua Prefeitura está protegida e tente aumentar sua contagem de troféus.","Kişisel aran birkaç kere uzatılmıştı, ancak şimdi sıfırlanıyor. Gelecekte böyle bir durumla karşılaşmamak için Belediye Binanın korunduğundan emin ol ve Kupa sayını artırmaya çalış.","休憩時間が数回にわたり延長されましたが、次の小休止までの時間はこれより通常通りに戻ります。今後このようなことが起こらないようにするには、タウンホールの防御をかため、トロフィーの数を増やしてください。","您的个人强制下线时间已多次延长，但现在将重置。要在将来避免该问题，请确保您的大本营处于保护之下，并试着提高奖杯数量。","개인 휴식 시간 제한이 여러 번 연장되었으며 곧 초기화됩니다. 이후에 이런 상황을 방지하려면 마을 회관을 잘 보호하고 트로피 수를 늘려두세요.","Ваш личный перерыв был продлен несколько раз, но сейчас будет сброшен. Чтобы избежать этого в будущем, убедитесь, что ратуша защищена, и попробуйте набрать больше трофеев.","تم تمديد الاستراحة الشخصية الخاصة بك عدة مرات ولكن ستتم إعادة تعيينها الآن. لتجنب هذا في المستقبل، احرص على أن تكون قاعة المدينة الخاصة بك محمية وحاول زيادة عدد كؤوسك.","您的個人休養時間已多次延長，且將會立即重設。為避免未來因為休養時間結束而受到影響，請確認你已為大本營設下防護，並試著增加你的獎盃數量。"
