"Name","-"
"String","int"
"Markus Aalto",
"Cosmin Baltaretu",
"Jonas Collaros",
"Niko Derome",
"James Ellis",
"Visa Forsten",
"Jon Franzas",
"Tommi Hakala",
"Pauli Kaila",
"Rene Kivioja",
"Rauli Laatikainen",
"Mikko Lehtonen",
"Lassi Leppinen",
"Jani Lintunen",
"Lasse Louhento",
"Lauri Manninen",
"Arto Mikkola",
"Marcus Ng",
"Taneli Oksama",
"Andreas Papathanasis",
"Riku Rikala",
"Martin Schj√∏ler",
"Petri Styrman",
"Ville Suur-Uski",
"Tommi Suvinen",
"Antti Takala",
"Jouni Utriainen",
"Veli Vainio",
"Tristan Williams",
"_",
"Gabriele Aimone",
"Marika Appel",
"Jonatas Chagas",
"Erlend Christoffersen",
"Hannu Halonen",
"Greg Harper",
"Jari Hokkanen",
"Mikko Hokkanen",
"Jessica Hollmeier",
"Daniel Iosca",
"Shen Jin",
"Mikko Kodisoja",
"Kristian Kurki",
"Miki Kuusi",
"Manuel Langegger",
"Ville Leino",
"Laura Macdonald",
"Ana Martins",
"Jumpei Oki",
"Ilkka Paananen",
"Douglas Portugal",
"Carole Riault",
"Stephen Rosenshein",
"Oscar Subirats",
"Antti Summala",
"Wilhelm Tigerstedt",
"Sami Yliharju",
"Ryan Wener",
"Zhao Zeng",
